"2014-11-04","tree 495282a2afaa65af8049c23676486900d0636588 ------","DataChannel.java","TAJO-1153","0.10.0"
"2014-10-25","tree c8fb43b64c098624a44b0ecaefe2f4e6d998cca0 ------","DataChannel.java","TAJO-1125","0.10.0"
"2014-12-12","tree f363896ea011a6b0a75b8e5f226dcf6e8aa59348 ------","TestRightOuterHashJoinExec.java","TAJO-1233","0.10.0"
"2015-02-05","tree 10a1f4103bc58932b5ec9d1d4bfa9a142773fe33 ------","AlterTable.java","TAJO-1260","0.10.0"
"2015-02-05","tree 10a1f4103bc58932b5ec9d1d4bfa9a142773fe33 ------","AlterTable.java","TAJO-1260","0.11.0"
"2014-09-20","tree 9f832e6beaccbdf35d8a6f6f7ab50289e8a8a4f8 ------","TestAsyncRpc.java","TAJO-1050","0.9.0"
"2014-10-25","tree c8fb43b64c098624a44b0ecaefe2f4e6d998cca0 ------","TestRightOuterMergeJoinExec.java","TAJO-1125","0.10.0"
"2014-12-12","tree f363896ea011a6b0a75b8e5f226dcf6e8aa59348 ------","TestRightOuterMergeJoinExec.java","TAJO-1233","0.10.0"
"2014-10-25","tree c8fb43b64c098624a44b0ecaefe2f4e6d998cca0 ------","GlobalPlanner.java","TAJO-1125","0.10.0"
"2014-11-25","tree cdfeb13765cd2abcf8307be1d74d0e2d74973a3f ------","TestRightOuterMergeJoinExec.java","TAJO-1163","0.10.0"
"2014-09-20","tree 9f832e6beaccbdf35d8a6f6f7ab50289e8a8a4f8 ------","TestBlockingRpc.java","TAJO-1050","0.9.0"
"2014-12-12","tree f363896ea011a6b0a75b8e5f226dcf6e8aa59348 ------","TestSortExec.java","TAJO-1233","0.10.0"
"2014-11-25","tree cdfeb13765cd2abcf8307be1d74d0e2d74973a3f ------","TestLogicalOptimizer.java","TAJO-1163","0.10.0"
"2014-10-25","tree c8fb43b64c098624a44b0ecaefe2f4e6d998cca0 ------","TestLogicalOptimizer.java","TAJO-1125","0.10.0"
"2014-10-25","tree c8fb43b64c098624a44b0ecaefe2f4e6d998cca0 ------","TestLogicalPlanner.java","TAJO-1125","0.10.0"
"2014-11-25","tree cdfeb13765cd2abcf8307be1d74d0e2d74973a3f ------","TestLogicalPlanner.java","TAJO-1163","0.10.0"
"2014-11-04","tree 495282a2afaa65af8049c23676486900d0636588 ------","BaseTupleComparator.java","TAJO-1153","0.10.0"
"2014-11-10","tree 77e8e4ef73735269456e95812358889023e84316 ------","ByteBufInputChannel.java","TAJO-1149","0.10.0"
"2014-11-04","tree 495282a2afaa65af8049c23676486900d0636588 ------","FrameTuple.java","TAJO-1153","0.10.0"
"2015-01-02","tree 98336d141409d5de5d654ab1b8a1de7d44b6a815 ------","TestLogicalPlanner.java","TAJO-1275","0.10.0"
"2014-12-30","tree b9b09c571ad022861e3a4228b56c5d99bf4dff67 ------","AbstractCatalogClient.java","TAJO-1176","0.10.0"
"2014-08-21","tree 484fea6403f8b243d0b3cb72258e843224801911 ------","LazyTuple.java","TAJO-1004","0.9.0"
"2014-12-12","tree f363896ea011a6b0a75b8e5f226dcf6e8aa59348 ------","MergeScanner.java","TAJO-1233","0.10.0"
"2014-10-08","tree dab5975c5925175a061b9a2c0f9f397648bff46b ------","MergeScanner.java","TAJO-1101","0.9.0"
"2014-12-12","tree f363896ea011a6b0a75b8e5f226dcf6e8aa59348 ------","NullScanner.java","TAJO-1233","0.10.0"
"2014-12-12","tree f363896ea011a6b0a75b8e5f226dcf6e8aa59348 ------","ColPartitionStoreExec.java","TAJO-1233","0.10.0"
"2014-11-04","tree 495282a2afaa65af8049c23676486900d0636588 ------","RowStoreUtil.java","TAJO-1153","0.10.0"
"2014-10-08","tree 5d0ec117df4eceefae0c91e11c43efac490008b7 ------","DistinctGroupbyFirstAggregationExec.java","TAJO-1010","0.9.0"
"2014-12-12","tree f363896ea011a6b0a75b8e5f226dcf6e8aa59348 ------","Scanner.java","TAJO-1233","0.10.0"
"2014-12-12","tree f363896ea011a6b0a75b8e5f226dcf6e8aa59348 ------","StorageProperty.java","TAJO-1233","0.10.0"
"2014-12-12","tree f363896ea011a6b0a75b8e5f226dcf6e8aa59348 ------","Tablespace.java","TAJO-1233","0.10.0"
"2014-10-25","tree c8fb43b64c098624a44b0ecaefe2f4e6d998cca0 ------","TestPlannerUtil.java","TAJO-1125","0.10.0"
"2014-11-25","tree cdfeb13765cd2abcf8307be1d74d0e2d74973a3f ------","TestPlannerUtil.java","TAJO-1163","0.10.0"
"2014-10-25","tree c8fb43b64c098624a44b0ecaefe2f4e6d998cca0 ------","DistinctGroupbyHashAggregationExec.java","TAJO-1125","0.10.0"
"2014-12-07","tree 5a3739446f5f281ee38ba0b29fe8bb01f4370a13 ------","AbstractCatalogClient.java","TAJO-1213","0.10.0"
"2014-10-08","tree 5b216e6390f235b848225e06a2c78e34df642a70 ------","TestQueryValidation.java","TAJO-1104","0.9.0"
"2014-12-24","tree 31e7c590c440cb0df41c6080f413b4688fb4a9ec ------","TestQueryValidation.java","TAJO-1249","0.10.0"
"2014-08-21","tree 484fea6403f8b243d0b3cb72258e843224801911 ------","TestUniformRangePartition.java","TAJO-1004","0.9.0"
"2014-10-08","tree ce556e84703f16fa92bc1a8c808076b61ed07961 ------","AlterTableDesc.java","TAJO-1021","0.9.0"
"2014-12-30","tree b9b09c571ad022861e3a4228b56c5d99bf4dff67 ------","CatalogService.java","TAJO-1176","0.10.0"
"2014-10-08","tree 5d0ec117df4eceefae0c91e11c43efac490008b7 ------","DistinctGroupbySecondAggregationExec.java","TAJO-1010","0.9.0"
"2014-10-15","tree bea38c88044c68f7f4609a393a610399b9c0feed ------","CatalogUtil.java","TAJO-1092","0.10.0"
"2014-10-15","tree bea38c88044c68f7f4609a393a610399b9c0feed ------","CatalogUtil.java","TAJO-1092","block_iteration"
"2015-01-08","tree d022992ed25d3bbf0a4091aaddd010698b7635e7 ------","DistinctGroupbySortAggregationExec.java","TAJO-1265","0.10.0"
"2014-10-08","tree 5d0ec117df4eceefae0c91e11c43efac490008b7 ------","DistinctGroupbyThirdAggregationExec.java","TAJO-1010","0.9.0"
"2014-11-04","tree 495282a2afaa65af8049c23676486900d0636588 ------","TupleComparator.java","TAJO-1153","0.10.0"
"2014-12-12","tree da3e2ebeb75da3230b034f5e0c3a7a63d37128e1 ------","CatalogUtil.java","TAJO-1241","0.10.0"
"2014-08-21","tree 484fea6403f8b243d0b3cb72258e843224801911 ------","TupleRange.java","TAJO-1004","0.9.0"
"2014-11-04","tree 495282a2afaa65af8049c23676486900d0636588 ------","TupleRange.java","TAJO-1153","0.10.0"
"2014-12-12","tree 605f222b912e78ca1efdcb1ea39a2d688158d7b9 ------","TestTupleComparator.java","TAJO-1239","0.10.0"
"2014-11-04","tree 495282a2afaa65af8049c23676486900d0636588 ------","TestTupleComparator.java","TAJO-1153","0.10.0"
"2014-12-12","tree f363896ea011a6b0a75b8e5f226dcf6e8aa59348 ------","AbstractHBaseAppender.java","TAJO-1233","0.10.0"
"2014-10-15","tree bea38c88044c68f7f4609a393a610399b9c0feed ------","FunctionDesc.java","TAJO-1092","0.10.0"
"2014-10-15","tree bea38c88044c68f7f4609a393a610399b9c0feed ------","FunctionDesc.java","TAJO-1092","block_iteration"
"2014-12-12","tree f363896ea011a6b0a75b8e5f226dcf6e8aa59348 ------","ColumnMapping.java","TAJO-1233","0.10.0"
"2015-10-13","tree 7f7db329553ed8507b91b1b0a2c35ad7fefff25e ------","TestAlterTable.java","TAJO-1924","0.11.0"
"2015-10-13","tree 7f7db329553ed8507b91b1b0a2c35ad7fefff25e ------","TestAlterTable.java","TAJO-1924","0.12.0"
"2014-12-12","tree f363896ea011a6b0a75b8e5f226dcf6e8aa59348 ------","HBaseBinarySerializerDeserializer.java","TAJO-1233","0.10.0"
"2014-12-12","tree f363896ea011a6b0a75b8e5f226dcf6e8aa59348 ------","HBaseFragment.java","TAJO-1233","0.10.0"
"2014-12-12","tree f363896ea011a6b0a75b8e5f226dcf6e8aa59348 ------","HBasePutAppender.java","TAJO-1233","0.10.0"
"2014-12-12","tree f363896ea011a6b0a75b8e5f226dcf6e8aa59348 ------","HBaseScanner.java","TAJO-1233","0.10.0"
"2014-12-12","tree f363896ea011a6b0a75b8e5f226dcf6e8aa59348 ------","HBaseStorageConstants.java","TAJO-1233","0.10.0"
"2014-12-12","tree f363896ea011a6b0a75b8e5f226dcf6e8aa59348 ------","HBaseTablespace.java","TAJO-1233","0.10.0"
"2014-11-04","tree 495282a2afaa65af8049c23676486900d0636588 ------","ExternalSortExec.java","TAJO-1153","0.10.0"
"2015-01-15","tree 81cb1de9efc6f82634adf983b5b0ed27170ac27d ------","TestCTASQuery.java","TAJO-1304","0.10.0"
"2014-10-08","tree 5d0ec117df4eceefae0c91e11c43efac490008b7 ------","TestGroupByQuery.java","TAJO-1010","0.9.0"
"2014-11-04","tree 495282a2afaa65af8049c23676486900d0636588 ------","SchemaUtil.java","TAJO-1153","0.10.0"
"2014-12-12","tree f363896ea011a6b0a75b8e5f226dcf6e8aa59348 ------","HBaseTextSerializerDeserializer.java","TAJO-1233","0.10.0"
"2014-12-12","tree f363896ea011a6b0a75b8e5f226dcf6e8aa59348 ------","HFileAppender.java","TAJO-1233","0.10.0"
"2014-10-08","tree ce556e84703f16fa92bc1a8c808076b61ed07961 ------","ColumnStats.java","TAJO-1021","0.9.0"
"2014-12-12","tree f363896ea011a6b0a75b8e5f226dcf6e8aa59348 ------","RowKeyMapping.java","TAJO-1233","0.10.0"
"2014-12-12","tree f363896ea011a6b0a75b8e5f226dcf6e8aa59348 ------","SortedInsertRewriter.java","TAJO-1233","0.10.0"
"2014-12-12","tree f363896ea011a6b0a75b8e5f226dcf6e8aa59348 ------","TestColumnMapping.java","TAJO-1233","0.10.0"
"2014-12-12","tree f363896ea011a6b0a75b8e5f226dcf6e8aa59348 ------","TestHBaseTableSpace.java","TAJO-1233","0.10.0"
"2014-12-12","tree f363896ea011a6b0a75b8e5f226dcf6e8aa59348 ------","AvroAppender.java","TAJO-1233","0.10.0"
"2014-12-12","tree f363896ea011a6b0a75b8e5f226dcf6e8aa59348 ------","TestHBaseTable.java","TAJO-1233","0.10.0"
"2015-01-27","tree f412123eff6f3304ce47278e34b03f367d11ba57 ------","TestHBaseTable.java","TAJO-1319","0.10.0"
"2015-01-19","tree e97d744d533f58befe8ebbb378423898509c9fe7 ------","TestHBaseTable.java","TAJO-1307","0.10.0"
"2014-11-25","tree cdfeb13765cd2abcf8307be1d74d0e2d74973a3f ------","TableDesc.java","TAJO-1163","0.10.0"
"2014-11-20","tree 7777ea28fd21063720aa1e6dd1d6e37d2becdb12 ------","AvroUtil.java","TAJO-1181","0.10.0"
"2014-12-12","tree f363896ea011a6b0a75b8e5f226dcf6e8aa59348 ------","HashShuffleFileWriteExec.java","TAJO-1233","0.10.0"
"2014-11-10","tree 77e8e4ef73735269456e95812358889023e84316 ------","FieldSerializerDeserializer.java","TAJO-1149","0.10.0"
"2014-12-12","tree f363896ea011a6b0a75b8e5f226dcf6e8aa59348 ------","FileAppender.java","TAJO-1233","0.10.0"
"2014-10-22","tree 3457e72344aa71f43648bf06e3ecdf5d18f14667 ------","FileTablespace.java","TAJO-1121","hbase_storage"
"2014-10-22","tree 3457e72344aa71f43648bf06e3ecdf5d18f14667 ------","FileTablespace.java","TAJO-1121","hbase_storage"
"2014-12-12","tree f363896ea011a6b0a75b8e5f226dcf6e8aa59348 ------","FileTablespace.java","TAJO-1233","0.10.0"
"2014-10-15","tree bea38c88044c68f7f4609a393a610399b9c0feed ------","DataTypeUtil.java","TAJO-1092","0.10.0"
"2014-10-15","tree bea38c88044c68f7f4609a393a610399b9c0feed ------","DataTypeUtil.java","TAJO-1092","block_iteration"
"2014-10-15","tree bea38c88044c68f7f4609a393a610399b9c0feed ------","FunctionInvocation.java","TAJO-1092","0.10.0"
"2014-10-15","tree bea38c88044c68f7f4609a393a610399b9c0feed ------","FunctionInvocation.java","TAJO-1092","block_iteration"
"2014-10-15","tree bea38c88044c68f7f4609a393a610399b9c0feed ------","FunctionSignature.java","TAJO-1092","0.10.0"
"2014-10-15","tree bea38c88044c68f7f4609a393a610399b9c0feed ------","FunctionSignature.java","TAJO-1092","block_iteration"
"2014-10-15","tree bea38c88044c68f7f4609a393a610399b9c0feed ------","FunctionUtil.java","TAJO-1092","0.10.0"
"2014-10-15","tree bea38c88044c68f7f4609a393a610399b9c0feed ------","FunctionUtil.java","TAJO-1092","block_iteration"
"2014-12-01","tree 550348b756ff327b70df929dd9c8fcd28700313c ------","TestInsertQuery.java","TAJO-1211","0.10.0"
"2014-10-25","tree c8fb43b64c098624a44b0ecaefe2f4e6d998cca0 ------","PhysicalPlanUtil.java","TAJO-1125","0.10.0"
"2014-11-04","tree 495282a2afaa65af8049c23676486900d0636588 ------","PhysicalPlanUtil.java","TAJO-1153","0.10.0"
"2014-12-02","tree fb74b5c65030c2770b5580d4e3c7778439db163e ------","PhysicalPlanUtil.java","TAJO-1190","0.10.0"
"2014-11-25","tree cdfeb13765cd2abcf8307be1d74d0e2d74973a3f ------","PhysicalPlanUtil.java","TAJO-1163","0.10.0"
"2014-10-15","tree bea38c88044c68f7f4609a393a610399b9c0feed ------","TestCatalogUtil.java","TAJO-1092","0.10.0"
"2014-10-15","tree bea38c88044c68f7f4609a393a610399b9c0feed ------","TestCatalogUtil.java","TAJO-1092","block_iteration"
"2014-12-03","tree 44c11bda6c3d058ca3dd24255834774bb8369c59 ------","TestInsertQuery.java","TAJO-1223","0.10.0"
"2014-11-04","tree 495282a2afaa65af8049c23676486900d0636588 ------","RangeShuffleFileWriteExec.java","TAJO-1153","0.10.0"
"2014-12-12","tree f363896ea011a6b0a75b8e5f226dcf6e8aa59348 ------","RangeShuffleFileWriteExec.java","TAJO-1233","0.10.0"
"2014-12-12","tree f363896ea011a6b0a75b8e5f226dcf6e8aa59348 ------","SeqScanExec.java","TAJO-1233","0.10.0"
"2015-10-16","tree 5f8b4fb4ba4eddbe961032dcf1c4c0c0a6272d55 ------","HiveCatalogStore.java","TAJO-1928","0.11.0"
"2015-10-16","tree 5f8b4fb4ba4eddbe961032dcf1c4c0c0a6272d55 ------","HiveCatalogStore.java","TAJO-1928","0.12.0"
"2014-12-02","tree fb74b5c65030c2770b5580d4e3c7778439db163e ------","SeqScanExec.java","TAJO-1190","0.10.0"
"2014-11-10","tree 77e8e4ef73735269456e95812358889023e84316 ------","HiveCatalogStore.java","TAJO-1149","0.10.0"
"2014-11-28","tree 852fd3d68118a30d6f00210a64a52f57a4af408f ------","JsonLineDeserializer.java","TAJO-1095","0.10.0"
"2014-11-25","tree cdfeb13765cd2abcf8307be1d74d0e2d74973a3f ------","HiveCatalogStore.java","TAJO-1163","0.10.0"
"2015-02-14","tree 2c0dfb9b67f7d6cc875d02eedec680bc2b43db8c ------","TestNullValues.java","TAJO-1160","0.10.0"
"2015-02-14","tree 2c0dfb9b67f7d6cc875d02eedec680bc2b43db8c ------","TestNullValues.java","TAJO-1160","0.11.0"
"2014-12-12","tree 7f0ce0db89ddd4b861c558bae7ba84de681411ca ------","JsonLineDeserializer.java","TAJO-1242","0.10.0"
"2014-12-07","tree 5a3739446f5f281ee38ba0b29fe8bb01f4370a13 ------","HiveCatalogStore.java","TAJO-1213","0.10.0"
"2014-11-28","tree 852fd3d68118a30d6f00210a64a52f57a4af408f ------","JsonLineSerDe.java","TAJO-1095","0.10.0"
"2014-11-28","tree 852fd3d68118a30d6f00210a64a52f57a4af408f ------","JsonLineSerializer.java","TAJO-1095","0.10.0"
"2014-12-12","tree f363896ea011a6b0a75b8e5f226dcf6e8aa59348 ------","StoreTableExec.java","TAJO-1233","0.10.0"
"2015-10-08","tree fbf600039f2754aec1042e40bcb3991f2ef0e02b ------","TestQueryOnSelfDescTable.java","TAJO-1912","0.11.0"
"2014-10-25","tree c8fb43b64c098624a44b0ecaefe2f4e6d998cca0 ------","WindowAggExec.java","TAJO-1125","0.10.0"
"2014-12-12","tree f363896ea011a6b0a75b8e5f226dcf6e8aa59348 ------","TajoReadSupport.java","TAJO-1233","0.10.0"
"2015-01-09","tree 14551d3edc0b8fc1c3644ddda85e182a0e01db6d ------","WindowAggExec.java","TAJO-1287","window function"
"2015-01-09","tree 14551d3edc0b8fc1c3644ddda85e182a0e01db6d ------","WindowAggExec.java","TAJO-1287","0.10.0"
"2014-12-09","tree cb42d88b509e0ace6b436780a32b04f293875746 ------","TajoRecordConverter.java","TAJO-1236","0.10.0"
"2015-02-14","tree 2c0dfb9b67f7d6cc875d02eedec680bc2b43db8c ------","TestSelectQuery.java","TAJO-1160","0.10.0"
"2015-02-14","tree 2c0dfb9b67f7d6cc875d02eedec680bc2b43db8c ------","TestSelectQuery.java","TAJO-1160","0.11.0"
"2014-12-12","tree da3e2ebeb75da3230b034f5e0c3a7a63d37128e1 ------","TestSelectQuery.java","TAJO-1241","0.10.0"
"2014-12-08","tree 271c69aaee96dcc0f46c4b6236cfef8b07097a5d ------","TestSelectQuery.java","TAJO-1234","0.10.0"
"2014-12-10","tree 405ba1d056577ce8a5ae780dd80ed4b32cf9c948 ------","TestSetSessionQuery.java","TAJO-1238","0.10.0"
"2015-10-08","tree 164feca636463a0edacf2ac5fa9b5783653a15ba ------","TajoWriteSupport.java","TAJO-1918","0.11.0"
"2015-02-03","tree f1ee06c7283313a6a2ef4032c75a3858a53830cd ------","TestSortQuery.java","TAJO-1283","0.10.0"
"2015-02-03","tree f1ee06c7283313a6a2ef4032c75a3858a53830cd ------","TestSortQuery.java","TAJO-1283","0.11.0"
"2014-12-12","tree f363896ea011a6b0a75b8e5f226dcf6e8aa59348 ------","PhysicalPlannerImpl.java","TAJO-1233","0.10.0"
"2014-12-30","tree b9b09c571ad022861e3a4228b56c5d99bf4dff67 ------","HiveCatalogStore.java","TAJO-1176","0.10.0"
"2014-08-21","tree 484fea6403f8b243d0b3cb72258e843224801911 ------","TestSortQuery.java","TAJO-1004","0.9.0"
"2014-12-12","tree 605f222b912e78ca1efdcb1ea39a2d688158d7b9 ------","TestSortQuery.java","TAJO-1239","0.10.0"
"2015-01-20","tree 3a775f3b633b25ef6f1ee80c4ef93d68b07eb295 ------","TestSortQuery.java","TAJO-1257","0.10.0"
"2014-10-25","tree c8fb43b64c098624a44b0ecaefe2f4e6d998cca0 ------","TestTablePartitions.java","TAJO-1125","0.10.0"
"2015-10-16","tree 5f8b4fb4ba4eddbe961032dcf1c4c0c0a6272d55 ------","HiveCatalogUtil.java","TAJO-1928","0.11.0"
"2015-10-16","tree 5f8b4fb4ba4eddbe961032dcf1c4c0c0a6272d55 ------","HiveCatalogUtil.java","TAJO-1928","0.12.0"
"2014-12-22","tree 7a223a0af2e6b9541a873370e839e6f716d84e49 ------","RawFile.java","TAJO-1250","0.10.0"
"2014-12-12","tree f363896ea011a6b0a75b8e5f226dcf6e8aa59348 ------","RawFile.java","TAJO-1233","0.10.0"
"2014-11-12","tree d2f3f16ad242cad47f1180bfdd39092830c30de6 ------","RawFile.java","TAJO-1152","0.10.0"
"2014-12-04","tree 67242ce0972fcd248b003491a0f0476ca0fc04f5 ------","TestTablePartitions.java","TAJO-1194","0.10.0"
"2015-10-16","tree 5f8b4fb4ba4eddbe961032dcf1c4c0c0a6272d55 ------","TestHiveCatalogStore.java","TAJO-1928","0.11.0"
"2015-10-16","tree 5f8b4fb4ba4eddbe961032dcf1c4c0c0a6272d55 ------","TestHiveCatalogStore.java","TAJO-1928","0.12.0"
"2014-11-10","tree 77e8e4ef73735269456e95812358889023e84316 ------","TestHiveCatalogStore.java","TAJO-1149","0.10.0"
"2014-11-25","tree cdfeb13765cd2abcf8307be1d74d0e2d74973a3f ------","TestHiveCatalogStore.java","TAJO-1163","0.10.0"
"2014-10-06","tree 3b3af32d02e581adc954247dff6ff69d58682db3 ------","TestTablePartitions.java","TAJO-1067","0.9.0"
"2014-10-08","tree 5d0ec117df4eceefae0c91e11c43efac490008b7 ------","PhysicalPlannerImpl.java","TAJO-1010","0.9.0"
"2014-10-25","tree c8fb43b64c098624a44b0ecaefe2f4e6d998cca0 ------","Projector.java","TAJO-1125","0.10.0"
"2014-08-21","tree 484fea6403f8b243d0b3cb72258e843224801911 ------","RangePartitionAlgorithm.java","TAJO-1004","0.9.0"
"2014-12-12","tree f363896ea011a6b0a75b8e5f226dcf6e8aa59348 ------","RCFile.java","TAJO-1233","0.10.0"
"2014-12-30","tree b9b09c571ad022861e3a4228b56c5d99bf4dff67 ------","CatalogServer.java","TAJO-1176","0.10.0"
"2014-08-21","tree 484fea6403f8b243d0b3cb72258e843224801911 ------","UniformRangePartition.java","TAJO-1004","0.9.0"
"2014-12-07","tree 5a3739446f5f281ee38ba0b29fe8bb01f4370a13 ------","CatalogServer.java","TAJO-1213","0.10.0"
"2015-10-07","tree 5fc5e8d5d42e3e203d6a11a04079dec21ef04e38 ------","TestTimezone.java","TAJO-1913","0.11.0"
"2015-10-07","tree 5fc5e8d5d42e3e203d6a11a04079dec21ef04e38 ------","TestTimezone.java","TAJO-1913","0.12.0"
"2015-10-15","tree 9a69b4d5cfde376f1bed79892209621c71e94774 ------","CatalogServer.java","TAJO-1923","0.11.0"
"2014-12-08","tree 271c69aaee96dcc0f46c4b6236cfef8b07097a5d ------","QueryContext.java","TAJO-1234","0.10.0"
"2014-12-12","tree f363896ea011a6b0a75b8e5f226dcf6e8aa59348 ------","QueryContext.java","TAJO-1233","0.10.0"
"2014-10-25","tree c8fb43b64c098624a44b0ecaefe2f4e6d998cca0 ------","QueryContext.java","TAJO-1125","0.10.0"
"2014-12-12","tree f363896ea011a6b0a75b8e5f226dcf6e8aa59348 ------","SequenceFileAppender.java","TAJO-1233","0.10.0"
"2014-10-15","tree bea38c88044c68f7f4609a393a610399b9c0feed ------","CatalogServer.java","TAJO-1092","0.10.0"
"2014-10-15","tree bea38c88044c68f7f4609a393a610399b9c0feed ------","CatalogServer.java","TAJO-1092","block_iteration"
"2015-01-28","tree b3e6522292bf7ce11cfccb658e6b3b6a051a3860 ------","TestHAServiceHDFSImpl.java","TAJO-1306","0.10.0"
"2014-12-18","tree 7f1d952868dea1ee1c6e5d75ce8cd2bc2ea3eea1 ------","TestHAServiceHDFSImpl.java","TAJO-1221","0.10.0"
"2014-11-19","tree 3a678f99c40a7e15fe78c86f5c27de9e720de6e1 ------","TestHAServiceHDFSImpl.java","TAJO-1197","0.10.0"
"2014-11-10","tree 77e8e4ef73735269456e95812358889023e84316 ------","ByteBufLineReader.java","TAJO-1149","0.10.0"
"2014-12-30","tree b9b09c571ad022861e3a4228b56c5d99bf4dff67 ------","AbstractTableDescriptor.java","TAJO-1176","0.10.0"
"2014-12-30","tree b9b09c571ad022861e3a4228b56c5d99bf4dff67 ------","InfoSchemaMetadataDictionary.java","TAJO-1176","0.10.0"
"2014-12-10","tree c0ae249323790ba704568604ae7f86a49051e3b3 ------","ByteBufLineReader.java","TAJO-1235","0.10.0"
"2015-01-20","tree 3a775f3b633b25ef6f1ee80c4ef93d68b07eb295 ------","TupleUtil.java","TAJO-1257","0.10.0"
"2014-12-01","tree de672c4a9354dbf8316b35abe7caf9c0a621ec5b ------","ByteBufLineReader.java","TAJO-1210","0.10.0"
"2014-12-12","tree f363896ea011a6b0a75b8e5f226dcf6e8aa59348 ------","TupleUtil.java","TAJO-1233","0.10.0"
"2015-01-28","tree b3e6522292bf7ce11cfccb658e6b3b6a051a3860 ------","HdfsServiceTracker.java","TAJO-1306","0.10.0"
"2014-12-30","tree b9b09c571ad022861e3a4228b56c5d99bf4dff67 ------","PartitionsTableDescriptor.java","TAJO-1176","0.10.0"
"2014-12-30","tree b9b09c571ad022861e3a4228b56c5d99bf4dff67 ------","TablesTableDescriptor.java","TAJO-1176","0.10.0"
"2014-12-30","tree b9b09c571ad022861e3a4228b56c5d99bf4dff67 ------","TestNonForwardQueryResultSystemScanner.java","TAJO-1176","0.10.0"
"2014-11-27","tree 50d12037247d56823a936bbc13ce987dd7ca0667 ------","CSVLineDeserializer.java","TAJO-1209","0.10.0"
"2014-11-11","tree 9575ff3aaa62a9d5e6a56d701cfc706495fe5391 ------","AbstractDBStore.java","TAJO-1109","0.10.0"
"2014-11-27","tree 50d12037247d56823a936bbc13ce987dd7ca0667 ------","CSVLineSerDe.java","TAJO-1209","0.10.0"
"2014-11-27","tree 50d12037247d56823a936bbc13ce987dd7ca0667 ------","CSVLineSerializer.java","TAJO-1209","0.10.0"
"2014-11-10","tree 77e8e4ef73735269456e95812358889023e84316 ------","DelimitedLineReader.java","TAJO-1149","0.10.0"
"2014-12-22","tree 7a223a0af2e6b9541a873370e839e6f716d84e49 ------","DelimitedLineReader.java","TAJO-1250","0.10.0"
"2014-12-10","tree c0ae249323790ba704568604ae7f86a49051e3b3 ------","DelimitedLineReader.java","TAJO-1235","0.10.0"
"2014-11-10","tree 77e8e4ef73735269456e95812358889023e84316 ------","DelimitedTextFile.java","TAJO-1149","0.10.0"
"2014-12-12","tree f363896ea011a6b0a75b8e5f226dcf6e8aa59348 ------","FragmentScheduleEvent.java","TAJO-1233","0.10.0"
"2014-11-27","tree 50d12037247d56823a936bbc13ce987dd7ca0667 ------","DelimitedTextFile.java","TAJO-1209","0.10.0"
"2014-12-03","tree 7c10b61ab1a2fe97abc9833b0ae6acb1947d5520 ------","DelimitedTextFile.java","TAJO-1222","0.10.0"
"2014-10-08","tree ce1a60b4aa59ce64ac5849c5f28a5838dd6dfee6 ------","TestRepartitioner.java","TAJO-1103","0.9.0"
"2014-12-22","tree 7a223a0af2e6b9541a873370e839e6f716d84e49 ------","DelimitedTextFile.java","TAJO-1250","0.10.0"
"2014-12-12","tree f363896ea011a6b0a75b8e5f226dcf6e8aa59348 ------","DelimitedTextFile.java","TAJO-1233","0.10.0"
"2014-12-30","tree b9b09c571ad022861e3a4228b56c5d99bf4dff67 ------","AbstractDBStore.java","TAJO-1176","0.10.0"
"2014-12-22","tree 569505b6a0fdba02bc168c4f960009e1a314c1cf ------","StageCompletedEvent.java","TAJO-1262","0.10.0"
"2014-12-22","tree 569505b6a0fdba02bc168c4f960009e1a314c1cf ------","StageDiagnosticsUpdateEvent.java","TAJO-1262","0.10.0"
"2014-12-22","tree 569505b6a0fdba02bc168c4f960009e1a314c1cf ------","StageEvent.java","TAJO-1262","0.10.0"
"2015-01-09","tree a9496344c1aa2580c7cad42afac9e6e4dd5ac784 ------","StageEventType.java","TAJO-1251","0.10.0"
"2015-01-09","tree a9496344c1aa2580c7cad42afac9e6e4dd5ac784 ------","StageShuffleReportEvent.java","TAJO-1251","0.10.0"
"2014-09-20","tree 827e15dfbbf9284af5ce296670f15a52e10cc838 ------","TaskAttemptAssignedEvent.java","TAJO-1016","0.9.0"
"2014-11-28","tree 852fd3d68118a30d6f00210a64a52f57a4af408f ------","DelimitedTextFile.java","TAJO-1095","0.10.0"
"2014-11-10","tree 77e8e4ef73735269456e95812358889023e84316 ------","FieldSplitProcessor.java","TAJO-1149","0.10.0"
"2014-11-10","tree 77e8e4ef73735269456e95812358889023e84316 ------","TextFieldSerializerDeserializer.java","TAJO-1149","0.10.0"
"2014-12-08","tree 271c69aaee96dcc0f46c4b6236cfef8b07097a5d ------","TextFieldSerializerDeserializer.java","TAJO-1234","0.10.0"
"2014-09-15","tree 37cc08edbb4afc69111b88fd2a502d642f487b1d ------","TestKillQuery.java","TAJO-1037","0.9.0"
"2015-01-08","tree 55d69a40367f9172a88fd9d84a880c32b0ba4b69 ------","TestKillQuery.java","TAJO-1279","0.10.0"
"2014-11-13","tree cfeac42ad6d2e070e99a0545c064e2ea1689dae8 ------","TextFieldSerializerDeserializer.java","TAJO-1151","0.10.0"
"2015-01-27","tree ca5ea2709c4f5cb3271a7887263aa046cff05ca9 ------","TestKillQuery.java","TAJO-1312","0.10.0"
"2014-12-22","tree 569505b6a0fdba02bc168c4f960009e1a314c1cf ------","TestKillQuery.java","TAJO-1262","0.10.0"
"2014-12-19","tree a3a00cc09a3fc62f10259b53bc9061e7ca817629 ------","DDLExecutor.java","TAJO-1261","0.10.0"
"2015-02-02","tree 12d7b0ddd4392a8094fc701a5334fdcc97851218 ------","TestKillQuery.java","TAJO-1323","0.10.0"
"2014-11-27","tree 50d12037247d56823a936bbc13ce987dd7ca0667 ------","TextLineDeserializer.java","TAJO-1209","0.10.0"
"2014-11-27","tree 50d12037247d56823a936bbc13ce987dd7ca0667 ------","TextLineSerDe.java","TAJO-1209","0.10.0"
"2015-02-06","tree 4489f41b20d738249056db8d08873933af043b87 ------","TestKillQuery.java","TAJO-1336","0.10.0"
"2014-10-01","tree 16c2fcdd3de05bf6e7278aab4388daf626ae2e02 ------","TestQueryProgress.java","TAJO-1074","0.9.0"
"2015-02-14","tree 2c0dfb9b67f7d6cc875d02eedec680bc2b43db8c ------","TestQueryProgress.java","TAJO-1160","0.10.0"
"2015-02-14","tree 2c0dfb9b67f7d6cc875d02eedec680bc2b43db8c ------","TestQueryProgress.java","TAJO-1160","0.11.0"
"2014-12-07","tree 5a3739446f5f281ee38ba0b29fe8bb01f4370a13 ------","AbstractDBStore.java","TAJO-1213","0.10.0"
"2015-01-06","tree 86afc38ee86670660ccbbdfd9576443633f7d98b ------","AbstractDBStore.java","TAJO-1270","0.10.0"
"2014-12-22","tree 569505b6a0fdba02bc168c4f960009e1a314c1cf ------","TestQueryIdFactory.java","TAJO-1262","0.10.0"
"2015-10-13","tree 7f7db329553ed8507b91b1b0a2c35ad7fefff25e ------","DDLExecutor.java","TAJO-1924","0.11.0"
"2015-10-13","tree 7f7db329553ed8507b91b1b0a2c35ad7fefff25e ------","DDLExecutor.java","TAJO-1924","0.12.0"
"2014-11-11","tree 72d05b4887ee1e3f7748f97c562a3017924462b8 ------","TestHistoryWriterReader.java","TAJO-1026","0.10.0"
"2014-12-22","tree 569505b6a0fdba02bc168c4f960009e1a314c1cf ------","TestHistoryWriterReader.java","TAJO-1262","0.10.0"
"2015-01-23","tree e04b991cd3c8c823de8e35efa03433bde86fe1e0 ------","TestHistoryWriterReader.java","TAJO-1289","0.10.0"
"2014-12-30","tree b9b09c571ad022861e3a4228b56c5d99bf4dff67 ------","NonForwardQueryResultFileScanner.java","TAJO-1176","0.10.0"
"2014-11-20","tree 7777ea28fd21063720aa1e6dd1d6e37d2becdb12 ------","HttpFileServer.java","TAJO-1181","0.10.0"
"2014-11-20","tree 7777ea28fd21063720aa1e6dd1d6e37d2becdb12 ------","HttpFileServerHandler.java","TAJO-1181","0.10.0"
"2015-01-08","tree c21e6d2bfda4a8aeb4e00817697e957686ac4085 ------","TestJSPUtil.java","TAJO-1288","0.10.0"
"2015-01-15","tree 81cb1de9efc6f82634adf983b5b0ed27170ac27d ------","AbstractDBStore.java","TAJO-1304","0.10.0"
"2014-11-20","tree 7777ea28fd21063720aa1e6dd1d6e37d2becdb12 ------","TestAvroUtil.java","TAJO-1181","0.10.0"
"2014-11-11","tree 72d05b4887ee1e3f7748f97c562a3017924462b8 ------","TestJSPUtil.java","TAJO-1026","0.10.0"
"2014-11-04","tree 495282a2afaa65af8049c23676486900d0636588 ------","TestBSTIndex.java","TAJO-1153","0.10.0"
"2014-12-30","tree b9b09c571ad022861e3a4228b56c5d99bf4dff67 ------","NonForwardQueryResultScanner.java","TAJO-1176","0.10.0"
"2014-12-30","tree b9b09c571ad022861e3a4228b56c5d99bf4dff67 ------","NonForwardQueryResultSystemScanner.java","TAJO-1176","0.10.0"
"2014-12-19","tree a3a00cc09a3fc62f10259b53bc9061e7ca817629 ------","CreateTableHook.java","TAJO-1261","0.10.0"
"2014-12-19","tree a3a00cc09a3fc62f10259b53bc9061e7ca817629 ------","DistributedQueryHookManager.java","TAJO-1261","0.10.0"
"2014-12-19","tree a3a00cc09a3fc62f10259b53bc9061e7ca817629 ------","QueryExecutor.java","TAJO-1261","0.10.0"
"2014-12-30","tree b9b09c571ad022861e3a4228b56c5d99bf4dff67 ------","QueryExecutor.java","TAJO-1176","0.10.0"
"2015-02-14","tree 2c0dfb9b67f7d6cc875d02eedec680bc2b43db8c ------","QueryExecutor.java","TAJO-1160","0.10.0"
"2015-02-14","tree 2c0dfb9b67f7d6cc875d02eedec680bc2b43db8c ------","QueryExecutor.java","TAJO-1160","0.11.0"
"2015-01-09","tree 6a8a5f9561f5190ce870188d4dcbb96eabb1767a ------","QueryCoordinatorService.java","TAJO-1291","0.10.0"
"2014-11-04","tree 495282a2afaa65af8049c23676486900d0636588 ------","TestSingleCSVFileBSTIndex.java","TAJO-1153","0.10.0"
"2014-11-11","tree 72d05b4887ee1e3f7748f97c562a3017924462b8 ------","QueryInfo.java","TAJO-1026","0.10.0"
"2015-01-23","tree e04b991cd3c8c823de8e35efa03433bde86fe1e0 ------","QueryInfo.java","TAJO-1289","0.10.0"
"2015-01-05","tree 0b07eadc69c4567744a6e9c250b11f021a6953e5 ------","QueryInfo.java","TAJO-1228","0.10.0"
"2014-11-28","tree 852fd3d68118a30d6f00210a64a52f57a4af408f ------","TestJsonSerDe.java","TAJO-1095","0.10.0"
"2014-10-28","tree 0752081e7bbd88b2732eaafa8ec6ea7f57a3c322 ------","JdbcConnection.java","TAJO-1140","0.10.0"
"2014-12-07","tree 5a3739446f5f281ee38ba0b29fe8bb01f4370a13 ------","CatalogStore.java","TAJO-1213","0.10.0"
"2014-12-12","tree f363896ea011a6b0a75b8e5f226dcf6e8aa59348 ------","TestReadWrite.java","TAJO-1233","0.10.0"
"2014-12-03","tree 6bf511169166af0553408f300e0571bc411c5312 ------","JdbcConnection.java","TAJO-1220","0.10.0"
"2015-01-09","tree 82cf3362a68d0045fa2841bb088d420350fc26ae ------","QueryInProgress.java","TAJO-1282","0.10.0"
"2014-11-11","tree 9575ff3aaa62a9d5e6a56d701cfc706495fe5391 ------","DerbyStore.java","TAJO-1109","0.10.0"
"2015-02-23","tree fa7c38efa549d1c58c2de8929b57d57d26ecc805 ------","QueryInProgress.java","TAJO-1356","0.10.0"
"2015-02-23","tree fa7c38efa549d1c58c2de8929b57d57d26ecc805 ------","QueryInProgress.java","TAJO-1356","0.11.0"
"2014-10-28","tree 0752081e7bbd88b2732eaafa8ec6ea7f57a3c322 ------","TajoDatabaseMetaData.java","TAJO-1140","0.10.0"
"2014-10-05","tree 934c91c2b8bb10f73ca233616bcc3b558b315d05 ------","TajoDatabaseMetaData.java","TAJO-1030","0.9.0"
"2014-11-11","tree 9575ff3aaa62a9d5e6a56d701cfc706495fe5391 ------","BaseSchema.java","TAJO-1109","0.10.0"
"2014-11-11","tree 9575ff3aaa62a9d5e6a56d701cfc706495fe5391 ------","SchemaPatch.java","TAJO-1109","0.10.0"
"2014-11-11","tree 9575ff3aaa62a9d5e6a56d701cfc706495fe5391 ------","StoreObject.java","TAJO-1109","0.10.0"
"2015-01-23","tree e04b991cd3c8c823de8e35efa03433bde86fe1e0 ------","QueryInProgress.java","TAJO-1289","0.10.0"
"2014-11-11","tree 9575ff3aaa62a9d5e6a56d701cfc706495fe5391 ------","OracleStore.java","TAJO-1109","0.10.0"
"2014-11-11","tree 9575ff3aaa62a9d5e6a56d701cfc706495fe5391 ------","PostgreSQLStore.java","TAJO-1109","0.10.0"
"2014-11-11","tree 9575ff3aaa62a9d5e6a56d701cfc706495fe5391 ------","XMLCatalogSchemaManager.java","TAJO-1109","0.10.0"
"2014-11-10","tree 77e8e4ef73735269456e95812358889023e84316 ------","TestCompressionStorages.java","TAJO-1149","0.10.0"
"2014-12-03","tree 7c10b61ab1a2fe97abc9833b0ae6acb1947d5520 ------","TestDelimitedTextFile.java","TAJO-1222","0.10.0"
"2015-01-05","tree 0b07eadc69c4567744a6e9c250b11f021a6953e5 ------","QueryInProgress.java","TAJO-1228","0.10.0"
"2015-01-22","tree 1d68a13bc04e32090be29c3f91b995a2998fdefc ------","QueryInProgress.java","TAJO-1308","0.10.0"
"2015-01-23","tree e04b991cd3c8c823de8e35efa03433bde86fe1e0 ------","QueryManager.java","TAJO-1289","0.10.0"
"2015-01-08","tree c21e6d2bfda4a8aeb4e00817697e957686ac4085 ------","QueryManager.java","TAJO-1288","0.10.0"
"2015-01-09","tree 6a8a5f9561f5190ce870188d4dcbb96eabb1767a ------","QueryManager.java","TAJO-1291","0.10.0"
"2014-11-21","tree 2c979dba9f0b9e95dd8ce984fefea53b95245887 ------","QueryManager.java","TAJO-1205","0.10.0"
"2014-12-12","tree 7f0ce0db89ddd4b861c558bae7ba84de681411ca ------","TestDelimitedTextFile.java","TAJO-1242","0.10.0"
"2015-01-09","tree 82cf3362a68d0045fa2841bb088d420350fc26ae ------","QueryManager.java","TAJO-1282","0.10.0"
"2014-11-27","tree b46670571781d3544e798f2837624721ccb4dc89 ------","TestFileSystems.java","TAJO-1166","0.10.0"
"2014-12-12","tree f363896ea011a6b0a75b8e5f226dcf6e8aa59348 ------","TestFileSystems.java","TAJO-1233","0.10.0"
"2015-02-14","tree 2c0dfb9b67f7d6cc875d02eedec680bc2b43db8c ------","QueryManager.java","TAJO-1160","0.10.0"
"2015-02-14","tree 2c0dfb9b67f7d6cc875d02eedec680bc2b43db8c ------","QueryManager.java","TAJO-1160","0.11.0"
"2015-02-02","tree 45428ec49cccc83a76109d0a449984fb72c028e5 ------","TestFileTablespace.java","TAJO-1322","0.10.0"
"2014-12-12","tree f363896ea011a6b0a75b8e5f226dcf6e8aa59348 ------","TestFileTablespace.java","TAJO-1233","0.10.0"
"2015-01-08","tree 55d69a40367f9172a88fd9d84a880c32b0ba4b69 ------","QueryManager.java","TAJO-1279","0.10.0"
"2014-11-11","tree 9575ff3aaa62a9d5e6a56d701cfc706495fe5391 ------","TestXMLCatalogSchemaManager.java","TAJO-1109","0.10.0"
"2015-01-06","tree 86afc38ee86670660ccbbdfd9576443633f7d98b ------","TestXMLCatalogSchemaManager.java","TAJO-1270","0.10.0"
"2015-01-05","tree 0b07eadc69c4567744a6e9c250b11f021a6953e5 ------","QueryManager.java","TAJO-1228","0.10.0"
"2014-11-10","tree 77e8e4ef73735269456e95812358889023e84316 ------","TestLineReader.java","TAJO-1149","0.10.0"
"2014-12-30","tree b9b09c571ad022861e3a4228b56c5d99bf4dff67 ------","TestCatalog.java","TAJO-1176","0.10.0"
"2014-12-10","tree c0ae249323790ba704568604ae7f86a49051e3b3 ------","TestLineReader.java","TAJO-1235","0.10.0"
"2014-11-25","tree cdfeb13765cd2abcf8307be1d74d0e2d74973a3f ------","TestCatalog.java","TAJO-1163","0.10.0"
"2014-12-01","tree de672c4a9354dbf8316b35abe7caf9c0a621ec5b ------","TestLineReader.java","TAJO-1210","0.10.0"
"2014-09-11","tree 2bc57c0062d9884f4f676a097406cd73379ff697 ------","TajoPreparedStatement.java","TAJO-1028","0.9.0"
"2014-11-10","tree 77e8e4ef73735269456e95812358889023e84316 ------","TestSplitProcessor.java","TAJO-1149","0.10.0"
"2014-10-28","tree 0752081e7bbd88b2732eaafa8ec6ea7f57a3c322 ------","TajoStatement.java","TAJO-1140","0.10.0"
"2014-09-20","tree 827e15dfbbf9284af5ce296670f15a52e10cc838 ------","TajoRMContext.java","TAJO-1016","0.9.0"
"2014-10-15","tree bea38c88044c68f7f4609a393a610399b9c0feed ------","TestCatalog.java","TAJO-1092","0.10.0"
"2014-10-15","tree bea38c88044c68f7f4609a393a610399b9c0feed ------","TestCatalog.java","TAJO-1092","block_iteration"
"2014-12-22","tree 7a223a0af2e6b9541a873370e839e6f716d84e49 ------","TestStorages.java","TAJO-1250","0.10.0"
"2014-12-12","tree f363896ea011a6b0a75b8e5f226dcf6e8aa59348 ------","TestStorages.java","TAJO-1233","0.10.0"
"2014-09-11","tree 2bc57c0062d9884f4f676a097406cd73379ff697 ------","TajoStatement.java","TAJO-1028","0.9.0"
"2014-12-10","tree d599fde898acda9c7a1116c2506086b87f3ca855 ------","MasterRuleProvider.java","TAJO-1143","0.10.0"
"2014-11-28","tree 852fd3d68118a30d6f00210a64a52f57a4af408f ------","TestStorages.java","TAJO-1095","0.10.0"
"2014-12-03","tree 6bf511169166af0553408f300e0571bc411c5312 ------","TajoStatement.java","TAJO-1220","0.10.0"
"2015-01-09","tree 9dbc31544dfc259e12a5cbc5955e0ec8ee6dc88e ------","QueryStringDecoder.java","TAJO-1286","0.10.0"
"2014-11-19","tree 3a678f99c40a7e15fe78c86f5c27de9e720de6e1 ------","TajoMaster.java","TAJO-1197","0.10.0"
"2015-02-14","tree 2c0dfb9b67f7d6cc875d02eedec680bc2b43db8c ------","TestResultSet.java","TAJO-1160","0.10.0"
"2015-02-14","tree 2c0dfb9b67f7d6cc875d02eedec680bc2b43db8c ------","TestResultSet.java","TAJO-1160","0.11.0"
"2015-01-09","tree 6a8a5f9561f5190ce870188d4dcbb96eabb1767a ------","TajoMaster.java","TAJO-1291","0.10.0"
"2015-10-15","tree 9a69b4d5cfde376f1bed79892209621c71e94774 ------","TestCatalogAgainstCaseSensitivity.java","TAJO-1923","0.11.0"
"2014-10-09","tree c5c7dd4b058c5289d5cae13fdd640e5374a34f36 ------","TajoMaster.java","TAJO-1105","0.9.0"
"2014-11-11","tree 72d05b4887ee1e3f7748f97c562a3017924462b8 ------","TajoMaster.java","TAJO-1026","0.10.0"
"2014-10-08","tree d736fcb22adb80bd9a11e763093b600ae74100ef ------","TestStorages.java","TAJO-1097","0.9.0"
"2014-11-12","tree d2f3f16ad242cad47f1180bfdd39092830c30de6 ------","TestStorages.java","TAJO-1152","0.10.0"
"2014-10-05","tree 934c91c2b8bb10f73ca233616bcc3b558b315d05 ------","TestTajoDatabaseMetaData.java","TAJO-1030","0.9.0"
"2015-01-28","tree b3e6522292bf7ce11cfccb658e6b3b6a051a3860 ------","TajoMaster.java","TAJO-1306","0.10.0"
"2014-09-11","tree 2bc57c0062d9884f4f676a097406cd73379ff697 ------","TestTajoJdbc.java","TAJO-1028","0.9.0"
"2015-10-08","tree 164feca636463a0edacf2ac5fa9b5783653a15ba ------","TestStorages.java","TAJO-1918","0.11.0"
"2015-01-08","tree 55d69a40367f9172a88fd9d84a880c32b0ba4b69 ------","TestTajoJdbc.java","TAJO-1279","0.10.0"
"2014-10-04","tree 237e5448b94e240e20e4b9da9b17a7ab7c1cd73c ------","TajoAdmin.java","TAJO-1065","0.9.0"
"2014-11-27","tree d5cc055e8a07ccd8587971207411b1e55d314541 ------","TestTajoJdbc.java","TAJO-1119","0.10.0"
"2014-12-10","tree 405ba1d056577ce8a5ae780dd80ed4b32cf9c948 ------","TajoMasterClientService.java","TAJO-1238","0.10.0"
"2015-02-14","tree 2c0dfb9b67f7d6cc875d02eedec680bc2b43db8c ------","TajoAdmin.java","TAJO-1160","0.10.0"
"2015-02-14","tree 2c0dfb9b67f7d6cc875d02eedec680bc2b43db8c ------","TajoAdmin.java","TAJO-1160","0.11.0"
"2014-09-20","tree 827e15dfbbf9284af5ce296670f15a52e10cc838 ------","TajoAdmin.java","TAJO-1016","0.9.0"
"2014-11-21","tree 2c979dba9f0b9e95dd8ce984fefea53b95245887 ------","TajoMasterClientService.java","TAJO-1205","0.10.0"
"2015-02-05","tree 10a1f4103bc58932b5ec9d1d4bfa9a142773fe33 ------","TestTajoJdbc.java","TAJO-1260","0.10.0"
"2015-02-05","tree 10a1f4103bc58932b5ec9d1d4bfa9a142773fe33 ------","TestTajoJdbc.java","TAJO-1260","0.11.0"
"2015-01-05","tree 0b07eadc69c4567744a6e9c250b11f021a6953e5 ------","TajoMasterClientService.java","TAJO-1228","0.10.0"
"2014-10-31","tree bae9f1aab265639ff8d7ff49cb9ace372f5d3727 ------","TajoDump.java","TAJO-1141","0.10.0"
"2015-02-14","tree 2c0dfb9b67f7d6cc875d02eedec680bc2b43db8c ------","TajoDump.java","TAJO-1160","0.10.0"
"2015-02-14","tree 2c0dfb9b67f7d6cc875d02eedec680bc2b43db8c ------","TajoDump.java","TAJO-1160","0.11.0"
"2015-02-14","tree 2c0dfb9b67f7d6cc875d02eedec680bc2b43db8c ------","TajoMasterClientService.java","TAJO-1160","0.10.0"
"2015-02-14","tree 2c0dfb9b67f7d6cc875d02eedec680bc2b43db8c ------","TajoMasterClientService.java","TAJO-1160","0.11.0"
"2015-02-02","tree 513574e37b02451e89dec8fdbb38132937f6e8a6 ------","TajoDump.java","TAJO-1313","0.10.0"
"2015-01-09","tree 9dbc31544dfc259e12a5cbc5955e0ec8ee6dc88e ------","TestQueryStringDecoder.java","TAJO-1286","0.10.0"
"2015-02-14","tree 2c0dfb9b67f7d6cc875d02eedec680bc2b43db8c ------","TajoHAAdmin.java","TAJO-1160","0.10.0"
"2015-02-14","tree 2c0dfb9b67f7d6cc875d02eedec680bc2b43db8c ------","TajoHAAdmin.java","TAJO-1160","0.11.0"
"2015-01-22","tree 1d68a13bc04e32090be29c3f91b995a2998fdefc ------","TajoMasterClientService.java","TAJO-1308","0.10.0"
"2014-10-15","tree bea38c88044c68f7f4609a393a610399b9c0feed ------","DescFunctionCommand.java","TAJO-1092","0.10.0"
"2014-10-15","tree bea38c88044c68f7f4609a393a610399b9c0feed ------","DescFunctionCommand.java","TAJO-1092","block_iteration"
"2015-01-09","tree 6a8a5f9561f5190ce870188d4dcbb96eabb1767a ------","TajoMasterClientService.java","TAJO-1291","0.10.0"
"2014-11-11","tree 72d05b4887ee1e3f7748f97c562a3017924462b8 ------","TajoMasterClientService.java","TAJO-1026","0.10.0"
"2014-12-10","tree 405ba1d056577ce8a5ae780dd80ed4b32cf9c948 ------","BaseAlgebraVisitor.java","TAJO-1238","0.10.0"
"2014-10-02","tree 45dc967975030dd70b2d69f7d607f9212d444b18 ------","DescTableCommand.java","TAJO-1081","0.9.0"
"2015-01-23","tree 07dc2fe631f6a2a37864c8b64a99d1f25043a9ca ------","HelpCommand.java","TAJO-1309","0.10.0"
"2014-10-31","tree bae9f1aab265639ff8d7ff49cb9ace372f5d3727 ------","SetCommand.java","TAJO-1141","0.10.0"
"2014-10-31","tree bae9f1aab265639ff8d7ff49cb9ace372f5d3727 ------","TajoAdminCommand.java","TAJO-1141","0.10.0"
"2014-10-31","tree bae9f1aab265639ff8d7ff49cb9ace372f5d3727 ------","TajoGetConfCommand.java","TAJO-1141","0.10.0"
"2015-02-05","tree 2e8bfb0968828f70b01a68ee9caea536b3245a0e ------","TajoHAAdminCommand.java","TAJO-1269","0.10.0"
"2015-02-05","tree 2e8bfb0968828f70b01a68ee9caea536b3245a0e ------","TajoHAAdminCommand.java","TAJO-1269","0.11.0"
"2014-10-28","tree 0752081e7bbd88b2732eaafa8ec6ea7f57a3c322 ------","TajoShellCommand.java","TAJO-1140","0.10.0"
"2014-11-09","tree 2650b2d0ee0d3b129446628b7d8cb606f7c1d1bd ------","DefaultTajoCliOutputFormatter.java","TAJO-1154","0.10.0"
"2014-10-02","tree b17ce5dff8572a907732d3af513a6a18c7dc1b9b ------","DefaultTajoCliOutputFormatter.java","TAJO-1081","0.9.0"
"2014-10-08","tree 5d0ec117df4eceefae0c91e11c43efac490008b7 ------","AggregationFunctionCallEval.java","TAJO-1010","0.9.0"
"2014-10-02","tree 45dc967975030dd70b2d69f7d607f9212d444b18 ------","DefaultTajoCliOutputFormatter.java","TAJO-1081","0.9.0"
"2015-10-06","tree f995444f06ab904de8005efd64555c22d16db1c8 ------","SQLAnalyzer.java","TAJO-1914","0.11.0"
"2014-12-10","tree 405ba1d056577ce8a5ae780dd80ed4b32cf9c948 ------","SQLAnalyzer.java","TAJO-1238","0.10.0"
"2015-02-05","tree 2e8bfb0968828f70b01a68ee9caea536b3245a0e ------","SimpleParser.java","TAJO-1269","0.10.0"
"2015-02-05","tree 2e8bfb0968828f70b01a68ee9caea536b3245a0e ------","SimpleParser.java","TAJO-1269","0.11.0"
"2014-10-28","tree 0752081e7bbd88b2732eaafa8ec6ea7f57a3c322 ------","TajoCli.java","TAJO-1140","0.10.0"
"2015-02-14","tree 2c0dfb9b67f7d6cc875d02eedec680bc2b43db8c ------","TajoCli.java","TAJO-1160","0.10.0"
"2015-02-14","tree 2c0dfb9b67f7d6cc875d02eedec680bc2b43db8c ------","TajoCli.java","TAJO-1160","0.11.0"
"2014-09-11","tree f5087994b03fcd34c33a1c625c1aafb60412da7e ------","TajoCli.java","TAJO-1022","0.9.0"
"2014-10-04","tree 57a81beacbd386fa4e600e89a97818010889bf26 ------","TajoCli.java","TAJO-1072","0.9.0"
"2015-01-06","tree 86afc38ee86670660ccbbdfd9576443633f7d98b ------","TajoCli.java","TAJO-1270","0.10.0"
"2014-12-24","tree 0cc42048b288140e78dcfe5f5726ec0ed5af4944 ------","TajoCli.java","TAJO-1259","0.10.0"
"2014-12-03","tree 932de1ab2ef72b7700742c29cea79cc58a133032 ------","TajoCli.java","TAJO-1183","0.10.0"
"2015-02-05","tree 2e8bfb0968828f70b01a68ee9caea536b3245a0e ------","TajoCli.java","TAJO-1269","0.10.0"
"2015-02-05","tree 2e8bfb0968828f70b01a68ee9caea536b3245a0e ------","TajoCli.java","TAJO-1269","0.11.0"
"2014-09-20","tree 9f832e6beaccbdf35d8a6f6f7ab50289e8a8a4f8 ------","TajoCli.java","TAJO-1050","0.9.0"
"2014-12-12","tree f363896ea011a6b0a75b8e5f226dcf6e8aa59348 ------","SQLAnalyzer.java","TAJO-1233","0.10.0"
"2014-08-20","tree 5f718fa221059230d2a9df92a95ad591a0710c97 ------","BetweenPredicateEval.java","TAJO-1008","0.9.0"
"2014-11-19","tree 3a678f99c40a7e15fe78c86f5c27de9e720de6e1 ------","TajoCli.java","TAJO-1197","0.10.0"
"2014-10-28","tree 0752081e7bbd88b2732eaafa8ec6ea7f57a3c322 ------","CatalogAdminClient.java","TAJO-1140","0.10.0"
"2014-08-20","tree 5f718fa221059230d2a9df92a95ad591a0710c97 ------","BinaryEval.java","TAJO-1008","0.9.0"
"2014-08-20","tree 5f718fa221059230d2a9df92a95ad591a0710c97 ------","CaseWhenEval.java","TAJO-1008","0.9.0"
"2014-10-28","tree 0752081e7bbd88b2732eaafa8ec6ea7f57a3c322 ------","CatalogAdminClientImpl.java","TAJO-1140","0.10.0"
"2014-12-08","tree 271c69aaee96dcc0f46c4b6236cfef8b07097a5d ------","CastEval.java","TAJO-1234","0.10.0"
"2015-02-05","tree 10a1f4103bc58932b5ec9d1d4bfa9a142773fe33 ------","SQLAnalyzer.java","TAJO-1260","0.10.0"
"2015-02-05","tree 10a1f4103bc58932b5ec9d1d4bfa9a142773fe33 ------","SQLAnalyzer.java","TAJO-1260","0.11.0"
"2014-08-20","tree 5f718fa221059230d2a9df92a95ad591a0710c97 ------","ConstEval.java","TAJO-1008","0.9.0"
"2015-01-28","tree b3e6522292bf7ce11cfccb658e6b3b6a051a3860 ------","DummyServiceTracker.java","TAJO-1306","0.10.0"
"2014-10-28","tree 0752081e7bbd88b2732eaafa8ec6ea7f57a3c322 ------","QueryClient.java","TAJO-1140","0.10.0"
"2014-09-20","tree 827e15dfbbf9284af5ce296670f15a52e10cc838 ------","DefaultTaskScheduler.java","TAJO-1016","0.9.0"
"2014-08-20","tree d547a95b4fe5e0fba3811ae7e8d183884d79cbb2 ------","EvalTreeUtil.java","TAJO-1013","0.9.0"
"2014-10-25","tree c8fb43b64c098624a44b0ecaefe2f4e6d998cca0 ------","EvalTreeUtil.java","TAJO-1125","0.10.0"
"2014-12-22","tree 569505b6a0fdba02bc168c4f960009e1a314c1cf ------","DefaultTaskScheduler.java","TAJO-1262","0.10.0"
"2014-09-20","tree 66a7dc5c571bc44e372276e8ed2a1fb5e66817db ------","DefaultTaskScheduler.java","TAJO-1047","0.9.0"
"2014-10-27","tree 4a7524e22c8c9378ee281c16406e3967a316d2cc ------","EvalTreeUtil.java","TAJO-1126","0.10.0"
"2014-11-11","tree 72d05b4887ee1e3f7748f97c562a3017924462b8 ------","QueryClient.java","TAJO-1026","0.10.0"
"2014-10-28","tree 0752081e7bbd88b2732eaafa8ec6ea7f57a3c322 ------","QueryClientImpl.java","TAJO-1140","0.10.0"
"2014-12-24","tree 955e9796a8b42ab9b954880cb985f3b2f853c5a3 ------","QueryClientImpl.java","TAJO-1268","0.10.0"
"2015-02-14","tree 2c0dfb9b67f7d6cc875d02eedec680bc2b43db8c ------","QueryClientImpl.java","TAJO-1160","0.10.0"
"2015-02-14","tree 2c0dfb9b67f7d6cc875d02eedec680bc2b43db8c ------","QueryClientImpl.java","TAJO-1160","0.11.0"
"2014-12-12","tree f363896ea011a6b0a75b8e5f226dcf6e8aa59348 ------","DefaultTaskScheduler.java","TAJO-1233","0.10.0"
"2014-08-18","tree 01551eef572ab95b6cc880becb667c8942cb6e49 ------","EvalTreeUtil.java","TAJO-1009","0.9.0"
"2014-12-08","tree 271c69aaee96dcc0f46c4b6236cfef8b07097a5d ------","QueryClientImpl.java","TAJO-1234","0.10.0"
"2015-02-04","tree d6f236fd2ff4cb178b223fac5ac67286d1df6c11 ------","EvalTreeUtil.java","TAJO-1316","0.10.0"
"2015-02-04","tree d6f236fd2ff4cb178b223fac5ac67286d1df6c11 ------","EvalTreeUtil.java","TAJO-1316","0.11.0"
"2015-02-04","tree d6f236fd2ff4cb178b223fac5ac67286d1df6c11 ------","EvalTreeUtil.java","TAJO-1316","0.10.0"
"2015-02-04","tree d6f236fd2ff4cb178b223fac5ac67286d1df6c11 ------","EvalTreeUtil.java","TAJO-1316","0.11.0"
"2014-08-20","tree 5f718fa221059230d2a9df92a95ad591a0710c97 ------","FieldEval.java","TAJO-1008","0.9.0"
"2014-08-20","tree 5f718fa221059230d2a9df92a95ad591a0710c97 ------","FunctionEval.java","TAJO-1008","0.9.0"
"2014-12-08","tree 271c69aaee96dcc0f46c4b6236cfef8b07097a5d ------","GeneralFunctionEval.java","TAJO-1234","0.10.0"
"2014-11-11","tree 72d05b4887ee1e3f7748f97c562a3017924462b8 ------","QueryClientImpl.java","TAJO-1026","0.10.0"
"2014-11-27","tree d5cc055e8a07ccd8587971207411b1e55d314541 ------","ResultSetUtil.java","TAJO-1119","0.10.0"
"2014-10-08","tree e6ebe25d5c0a240f9ddfe05b1f3994fc564c8e74 ------","SimpleEvalNodeVisitor.java","TAJO-1099","0.9.0"
"2014-10-28","tree 0752081e7bbd88b2732eaafa8ec6ea7f57a3c322 ------","SessionConnection.java","TAJO-1140","0.10.0"
"2014-12-12","tree da3e2ebeb75da3230b034f5e0c3a7a63d37128e1 ------","SessionConnection.java","TAJO-1241","0.10.0"
"2014-12-10","tree 405ba1d056577ce8a5ae780dd80ed4b32cf9c948 ------","SessionConnection.java","TAJO-1238","0.10.0"
"2014-12-08","tree 271c69aaee96dcc0f46c4b6236cfef8b07097a5d ------","SessionConnection.java","TAJO-1234","0.10.0"
"2015-02-14","tree 2c0dfb9b67f7d6cc875d02eedec680bc2b43db8c ------","SessionConnection.java","TAJO-1160","0.10.0"
"2015-02-14","tree 2c0dfb9b67f7d6cc875d02eedec680bc2b43db8c ------","SessionConnection.java","TAJO-1160","0.11.0"
"2014-08-20","tree 5f718fa221059230d2a9df92a95ad591a0710c97 ------","UnaryEval.java","TAJO-1008","0.9.0"
"2014-11-11","tree 72d05b4887ee1e3f7748f97c562a3017924462b8 ------","Query.java","TAJO-1026","0.10.0"
"2014-10-25","tree c8fb43b64c098624a44b0ecaefe2f4e6d998cca0 ------","WindowFunctionEval.java","TAJO-1125","0.10.0"
"2014-12-22","tree 569505b6a0fdba02bc168c4f960009e1a314c1cf ------","Query.java","TAJO-1262","0.10.0"
"2014-10-25","tree c8fb43b64c098624a44b0ecaefe2f4e6d998cca0 ------","ExprAnnotator.java","TAJO-1125","0.10.0"
"2014-12-08","tree 271c69aaee96dcc0f46c4b6236cfef8b07097a5d ------","ExprAnnotator.java","TAJO-1234","0.10.0"
"2014-10-01","tree 16c2fcdd3de05bf6e7278aab4388daf626ae2e02 ------","Query.java","TAJO-1074","0.9.0"
"2014-12-12","tree f363896ea011a6b0a75b8e5f226dcf6e8aa59348 ------","Query.java","TAJO-1233","0.10.0"
"2014-10-28","tree 0752081e7bbd88b2732eaafa8ec6ea7f57a3c322 ------","TajoClientImpl.java","TAJO-1140","0.10.0"
"2015-01-28","tree b3e6522292bf7ce11cfccb658e6b3b6a051a3860 ------","TajoClientImpl.java","TAJO-1306","0.10.0"
"2015-02-14","tree 2c0dfb9b67f7d6cc875d02eedec680bc2b43db8c ------","TajoClientImpl.java","TAJO-1160","0.10.0"
"2015-02-14","tree 2c0dfb9b67f7d6cc875d02eedec680bc2b43db8c ------","TajoClientImpl.java","TAJO-1160","0.11.0"
"2014-12-01","tree 550348b756ff327b70df929dd9c8fcd28700313c ------","Query.java","TAJO-1211","0.10.0"
"2014-11-11","tree 72d05b4887ee1e3f7748f97c562a3017924462b8 ------","TajoClientImpl.java","TAJO-1026","0.10.0"
"2014-12-07","tree 5a3739446f5f281ee38ba0b29fe8bb01f4370a13 ------","Query.java","TAJO-1213","0.10.0"
"2014-10-28","tree 0752081e7bbd88b2732eaafa8ec6ea7f57a3c322 ------","TajoClientUtil.java","TAJO-1140","0.10.0"
"2015-02-14","tree 2c0dfb9b67f7d6cc875d02eedec680bc2b43db8c ------","TajoClientUtil.java","TAJO-1160","0.10.0"
"2015-02-14","tree 2c0dfb9b67f7d6cc875d02eedec680bc2b43db8c ------","TajoClientUtil.java","TAJO-1160","0.11.0"
"2014-12-12","tree da3e2ebeb75da3230b034f5e0c3a7a63d37128e1 ------","TajoClientUtil.java","TAJO-1241","0.10.0"
"2014-12-08","tree 271c69aaee96dcc0f46c4b6236cfef8b07097a5d ------","TajoClientUtil.java","TAJO-1234","0.10.0"
"2015-01-08","tree 55d69a40367f9172a88fd9d84a880c32b0ba4b69 ------","QueryMaster.java","TAJO-1279","0.10.0"
"2015-01-28","tree b3e6522292bf7ce11cfccb658e6b3b6a051a3860 ------","QueryMaster.java","TAJO-1306","0.10.0"
"2014-10-25","tree c8fb43b64c098624a44b0ecaefe2f4e6d998cca0 ------","ExprNormalizer.java","TAJO-1125","0.10.0"
"2015-02-14","tree 2c0dfb9b67f7d6cc875d02eedec680bc2b43db8c ------","FetchResultSet.java","TAJO-1160","0.10.0"
"2015-02-14","tree 2c0dfb9b67f7d6cc875d02eedec680bc2b43db8c ------","FetchResultSet.java","TAJO-1160","0.11.0"
"2014-11-11","tree 72d05b4887ee1e3f7748f97c562a3017924462b8 ------","QueryMaster.java","TAJO-1026","0.10.0"
"2014-10-25","tree c8fb43b64c098624a44b0ecaefe2f4e6d998cca0 ------","EvalTreeOptimizationRule.java","TAJO-1125","0.10.0"
"2015-01-05","tree 0b07eadc69c4567744a6e9c250b11f021a6953e5 ------","QueryMaster.java","TAJO-1228","0.10.0"
"2014-10-25","tree c8fb43b64c098624a44b0ecaefe2f4e6d998cca0 ------","EvalTreeOptimizer.java","TAJO-1125","0.10.0"
"2014-10-08","tree e6ebe25d5c0a240f9ddfe05b1f3994fc564c8e74 ------","EvalTreeOptimizer.java","TAJO-1099","0.9.0"
"2014-10-25","tree c8fb43b64c098624a44b0ecaefe2f4e6d998cca0 ------","ConstantPropagation.java","TAJO-1125","0.10.0"
"2014-08-21","tree 484fea6403f8b243d0b3cb72258e843224801911 ------","MetaDataTuple.java","TAJO-1004","0.9.0"
"2015-02-14","tree 2c0dfb9b67f7d6cc875d02eedec680bc2b43db8c ------","TajoMemoryResultSet.java","TAJO-1160","0.10.0"
"2015-02-14","tree 2c0dfb9b67f7d6cc875d02eedec680bc2b43db8c ------","TajoMemoryResultSet.java","TAJO-1160","0.11.0"
"2014-12-08","tree 271c69aaee96dcc0f46c4b6236cfef8b07097a5d ------","TajoResultSetBase.java","TAJO-1234","0.10.0"
"2014-12-12","tree da3e2ebeb75da3230b034f5e0c3a7a63d37128e1 ------","TajoResultSetBase.java","TAJO-1241","0.10.0"
"2014-12-08","tree 271c69aaee96dcc0f46c4b6236cfef8b07097a5d ------","GeneralFunction.java","TAJO-1234","0.10.0"
"2015-01-08","tree 55d69a40367f9172a88fd9d84a880c32b0ba4b69 ------","QueryMasterTask.java","TAJO-1279","0.10.0"
"2014-12-22","tree 569505b6a0fdba02bc168c4f960009e1a314c1cf ------","QueryMasterTask.java","TAJO-1262","0.10.0"
"2014-10-05","tree 934c91c2b8bb10f73ca233616bcc3b558b315d05 ------","TajoResultSetMetaData.java","TAJO-1030","0.9.0"
"2015-02-14","tree 2c0dfb9b67f7d6cc875d02eedec680bc2b43db8c ------","RowStoreUtil.java","TAJO-1160","0.10.0"
"2015-02-14","tree 2c0dfb9b67f7d6cc875d02eedec680bc2b43db8c ------","RowStoreUtil.java","TAJO-1160","0.11.0"
"2014-12-12","tree f363896ea011a6b0a75b8e5f226dcf6e8aa59348 ------","QueryMasterTask.java","TAJO-1233","0.10.0"
"2014-12-12","tree f363896ea011a6b0a75b8e5f226dcf6e8aa59348 ------","HBaseTestClusterUtil.java","TAJO-1233","0.10.0"
"2014-12-15","tree eba627fc61753b31743d0bb267c2a64bc588dcf5 ------","HBaseTestClusterUtil.java","TAJO-1246","0.10.0"
"2014-10-15","tree bea38c88044c68f7f4609a393a610399b9c0feed ------","LocalTajoTestingUtility.java","TAJO-1092","0.10.0"
"2014-10-15","tree bea38c88044c68f7f4609a393a610399b9c0feed ------","LocalTajoTestingUtility.java","TAJO-1092","block_iteration"
"2014-10-25","tree c8fb43b64c098624a44b0ecaefe2f4e6d998cca0 ------","Repartitioner.java","TAJO-1125","0.10.0"
"2014-12-22","tree 569505b6a0fdba02bc168c4f960009e1a314c1cf ------","Repartitioner.java","TAJO-1262","0.10.0"
"2014-10-08","tree 5b216e6390f235b848225e06a2c78e34df642a70 ------","QueryTestCaseBase.java","TAJO-1104","0.9.0"
"2014-12-12","tree f363896ea011a6b0a75b8e5f226dcf6e8aa59348 ------","QueryTestCaseBase.java","TAJO-1233","0.10.0"
"2014-10-09","tree 458d5c5b9f556efaecd3c9fe061fa34c89ce364d ------","Repartitioner.java","TAJO-1107","0.9.0"
"2015-01-06","tree 86afc38ee86670660ccbbdfd9576443633f7d98b ------","Repartitioner.java","TAJO-1270","0.10.0"
"2015-02-17","tree e64091fd2a755ec0a4e200cd6b4a94b8d25d0fd7 ------","GreedyHeuristicJoinOrderAlgorithm.java","TAJO-1277","0.10.0"
"2015-02-17","tree e64091fd2a755ec0a4e200cd6b4a94b8d25d0fd7 ------","GreedyHeuristicJoinOrderAlgorithm.java","TAJO-1277","0.11.0"
"2014-12-12","tree da3e2ebeb75da3230b034f5e0c3a7a63d37128e1 ------","QueryTestCaseBase.java","TAJO-1241","0.10.0"
"2014-12-12","tree f363896ea011a6b0a75b8e5f226dcf6e8aa59348 ------","Repartitioner.java","TAJO-1233","0.10.0"
"2014-12-08","tree 271c69aaee96dcc0f46c4b6236cfef8b07097a5d ------","QueryTestCaseBase.java","TAJO-1234","0.10.0"
"2014-11-04","tree 5c1d98dfeef1f68616ce57ac1119b68a8918ce57 ------","TajoTestingCluster.java","TAJO-1032","0.10.0"
"2014-10-28","tree 0752081e7bbd88b2732eaafa8ec6ea7f57a3c322 ------","TajoTestingCluster.java","TAJO-1140","0.10.0"
"2015-01-27","tree 6ae73a7cb626d9a18c966e5da3d15abb0f0f7851 ------","TajoTestingCluster.java","TAJO-1318","0.10.0"
"2014-12-12","tree f363896ea011a6b0a75b8e5f226dcf6e8aa59348 ------","TajoTestingCluster.java","TAJO-1233","0.10.0"
"2015-02-02","tree 12d7b0ddd4392a8094fc701a5334fdcc97851218 ------","TajoTestingCluster.java","TAJO-1323","0.10.0"
"2014-11-19","tree 3a678f99c40a7e15fe78c86f5c27de9e720de6e1 ------","TajoTestingCluster.java","TAJO-1197","0.10.0"
"2015-02-03","tree 8c613a3a2f55a53f2c4623e34d50b239f46082f3 ------","TajoTestingCluster.java","TAJO-1324","0.10.0"
"2015-02-03","tree 8c613a3a2f55a53f2c4623e34d50b239f46082f3 ------","TajoTestingCluster.java","TAJO-1324","0.11.0"
"2014-10-08","tree 5d0ec117df4eceefae0c91e11c43efac490008b7 ------","Repartitioner.java","TAJO-1010","0.9.0"
"2014-11-15","tree 2c61ebc22ff1ee6fac1f2a3bd3220f9bf3610153 ------","TajoTestingCluster.java","TAJO-1179","0.10.0"
"2014-10-25","tree c8fb43b64c098624a44b0ecaefe2f4e6d998cca0 ------","JoinOrderAlgorithm.java","TAJO-1125","0.10.0"
"2015-01-08","tree 55d69a40367f9172a88fd9d84a880c32b0ba4b69 ------","TajoTestingCluster.java","TAJO-1279","0.10.0"
"2014-12-22","tree 569505b6a0fdba02bc168c4f960009e1a314c1cf ------","Stage.java","TAJO-1262","0.10.0"
"2015-01-27","tree ca5ea2709c4f5cb3271a7887263aa046cff05ca9 ------","TajoTestingCluster.java","TAJO-1312","0.10.0"
"2014-09-15","tree 37cc08edbb4afc69111b88fd2a502d642f487b1d ------","TajoTestingCluster.java","TAJO-1037","0.9.0"
"2014-10-08","tree 5d0ec117df4eceefae0c91e11c43efac490008b7 ------","DistinctGroupbyNode.java","TAJO-1010","0.9.0"
"2015-01-09","tree a9496344c1aa2580c7cad42afac9e6e4dd5ac784 ------","Stage.java","TAJO-1251","0.10.0"
"2015-01-27","tree ca5ea2709c4f5cb3271a7887263aa046cff05ca9 ------","Stage.java","TAJO-1312","0.10.0"
"2014-10-05","tree 934c91c2b8bb10f73ca233616bcc3b558b315d05 ------","TajoTypeUtil.java","TAJO-1030","0.9.0"
"2014-10-28","tree 196ffa67cdaf6c2d2a58c79ce8bfe1b6cc54a17b ------","TajoConf.java","TAJO-1114","0.10.0"
"2015-02-02","tree 12d7b0ddd4392a8094fc701a5334fdcc97851218 ------","Stage.java","TAJO-1323","0.10.0"
"2014-12-12","tree da3e2ebeb75da3230b034f5e0c3a7a63d37128e1 ------","TajoConf.java","TAJO-1241","0.10.0"
"2015-01-08","tree 55d69a40367f9172a88fd9d84a880c32b0ba4b69 ------","Stage.java","TAJO-1279","0.10.0"
"2014-11-11","tree 72d05b4887ee1e3f7748f97c562a3017924462b8 ------","TajoConf.java","TAJO-1026","0.10.0"
"2014-12-12","tree f363896ea011a6b0a75b8e5f226dcf6e8aa59348 ------","TajoConf.java","TAJO-1233","0.10.0"
"2014-12-01","tree 550348b756ff327b70df929dd9c8fcd28700313c ------","TajoConf.java","TAJO-1211","0.10.0"
"2014-10-10","tree e7565da73772b988e2ccfefae7730d786e7b388a ------","Task.java","TAJO-1111","0.9.0"
"2015-01-27","tree ca5ea2709c4f5cb3271a7887263aa046cff05ca9 ------","Task.java","TAJO-1312","0.10.0"
"2014-11-11","tree 72d05b4887ee1e3f7748f97c562a3017924462b8 ------","Task.java","TAJO-1026","0.10.0"
"2014-12-12","tree f363896ea011a6b0a75b8e5f226dcf6e8aa59348 ------","Task.java","TAJO-1233","0.10.0"
"2015-10-08","tree 164feca636463a0edacf2ac5fa9b5783653a15ba ------","DateDatum.java","TAJO-1918","0.11.0"
"2014-10-25","tree c8fb43b64c098624a44b0ecaefe2f4e6d998cca0 ------","LimitNode.java","TAJO-1125","0.10.0"
"2014-10-25","tree c8fb43b64c098624a44b0ecaefe2f4e6d998cca0 ------","LogicalNode.java","TAJO-1125","0.10.0"
"2014-12-22","tree 569505b6a0fdba02bc168c4f960009e1a314c1cf ------","Task.java","TAJO-1262","0.10.0"
"2014-08-21","tree 484fea6403f8b243d0b3cb72258e843224801911 ------","Datum.java","TAJO-1004","0.9.0"
"2014-10-25","tree c8fb43b64c098624a44b0ecaefe2f4e6d998cca0 ------","PartitionedTableScanNode.java","TAJO-1125","0.10.0"
"2014-10-08","tree d328b13fffad6ea698dbc5075b74ea526f94dc83 ------","PartitionedTableScanNode.java","TAJO-1102","0.9.0"
"2014-09-20","tree 827e15dfbbf9284af5ce296670f15a52e10cc838 ------","Task.java","TAJO-1016","0.9.0"
"2014-12-08","tree 271c69aaee96dcc0f46c4b6236cfef8b07097a5d ------","DatumFactory.java","TAJO-1234","0.10.0"
"2014-09-20","tree 827e15dfbbf9284af5ce296670f15a52e10cc838 ------","TaskAttempt.java","TAJO-1016","0.9.0"
"2014-10-08","tree d328b13fffad6ea698dbc5075b74ea526f94dc83 ------","ScanNode.java","TAJO-1102","0.9.0"
"2014-12-22","tree 569505b6a0fdba02bc168c4f960009e1a314c1cf ------","TaskAttempt.java","TAJO-1262","0.10.0"
"2014-10-25","tree c8fb43b64c098624a44b0ecaefe2f4e6d998cca0 ------","StoreTableNode.java","TAJO-1125","0.10.0"
"2014-11-11","tree 72d05b4887ee1e3f7748f97c562a3017924462b8 ------","HistoryReader.java","TAJO-1026","0.10.0"
"2015-01-23","tree e04b991cd3c8c823de8e35efa03433bde86fe1e0 ------","HistoryReader.java","TAJO-1289","0.10.0"
"2014-10-25","tree c8fb43b64c098624a44b0ecaefe2f4e6d998cca0 ------","LogicalOptimizer.java","TAJO-1125","0.10.0"
"2014-11-11","tree 72d05b4887ee1e3f7748f97c562a3017924462b8 ------","HistoryWriter.java","TAJO-1026","0.10.0"
"2015-01-23","tree e04b991cd3c8c823de8e35efa03433bde86fe1e0 ------","HistoryWriter.java","TAJO-1289","0.10.0"
"2014-10-25","tree c8fb43b64c098624a44b0ecaefe2f4e6d998cca0 ------","LogicalPlan.java","TAJO-1125","0.10.0"
"2014-12-22","tree 569505b6a0fdba02bc168c4f960009e1a314c1cf ------","HistoryWriter.java","TAJO-1262","0.10.0"
"2014-11-11","tree 72d05b4887ee1e3f7748f97c562a3017924462b8 ------","QueryHistory.java","TAJO-1026","0.10.0"
"2014-12-22","tree 569505b6a0fdba02bc168c4f960009e1a314c1cf ------","QueryHistory.java","TAJO-1262","0.10.0"
"2015-01-05","tree 3d7982e88bb7d260f44eb7b1ea778cab0b3ea81c ------","TextUtils.java","TAJO-1180","0.10.0"
"2014-11-11","tree 72d05b4887ee1e3f7748f97c562a3017924462b8 ------","StageHistory.java","TAJO-1026","0.10.0"
"2014-08-13","tree 686bdc4162c0fe642ac98ff7e8967ead56eeae59 ------","TextDatum.java","TAJO-1000","0.9.0"
"2014-12-22","tree 569505b6a0fdba02bc168c4f960009e1a314c1cf ------","StageHistory.java","TAJO-1262","0.10.0"
"2014-11-11","tree 72d05b4887ee1e3f7748f97c562a3017924462b8 ------","TaskHistory.java","TAJO-1026","0.10.0"
"2015-01-28","tree b3e6522292bf7ce11cfccb658e6b3b6a051a3860 ------","JSPUtil.java","TAJO-1306","0.10.0"
"2014-11-11","tree 72d05b4887ee1e3f7748f97c562a3017924462b8 ------","JSPUtil.java","TAJO-1026","0.10.0"
"2014-12-22","tree 569505b6a0fdba02bc168c4f960009e1a314c1cf ------","JSPUtil.java","TAJO-1262","0.10.0"
"2014-10-09","tree c5c7dd4b058c5289d5cae13fdd640e5374a34f36 ------","JvmPauseMonitor.java","TAJO-1105","0.9.0"
"2014-10-25","tree c8fb43b64c098624a44b0ecaefe2f4e6d998cca0 ------","LogicalPlanner.java","TAJO-1125","0.10.0"
"2014-12-08","tree 271c69aaee96dcc0f46c4b6236cfef8b07097a5d ------","LogicalPlanner.java","TAJO-1234","0.10.0"
"2015-10-08","tree 164feca636463a0edacf2ac5fa9b5783653a15ba ------","TimestampDatum.java","TAJO-1918","0.11.0"
"2015-02-14","tree 2c0dfb9b67f7d6cc875d02eedec680bc2b43db8c ------","QueryExecutorServlet.java","TAJO-1160","0.10.0"
"2015-02-14","tree 2c0dfb9b67f7d6cc875d02eedec680bc2b43db8c ------","QueryExecutorServlet.java","TAJO-1160","0.11.0"
"2014-11-21","tree 2c979dba9f0b9e95dd8ce984fefea53b95245887 ------","QueryExecutorServlet.java","TAJO-1205","0.10.0"
"2014-11-10","tree 2d402c72f3ad85ae784d5bde33561f064a2d1f11 ------","QueryExecutorServlet.java","TAJO-1128","0.10.0"
"2014-09-15","tree e2958df9af910b2d4d60f1d43e99e111aff9dbf3 ------","ExecutionBlockErrorEvent.java","TAJO-1015","0.9.0"
"2014-12-18","tree fa41be583ad210599d14f836ec27269c3d6191db ------","LogicalPlanner.java","TAJO-1232","0.10.0"
"2014-09-15","tree e2958df9af910b2d4d60f1d43e99e111aff9dbf3 ------","QueryStopEvent.java","TAJO-1015","0.9.0"
"2014-09-15","tree e2958df9af910b2d4d60f1d43e99e111aff9dbf3 ------","ExecutionBlockContext.java","TAJO-1015","0.9.0"
"2015-02-06","tree 4489f41b20d738249056db8d08873933af043b87 ------","ExecutionBlockContext.java","TAJO-1336","0.10.0"
"2014-10-25","tree c8fb43b64c098624a44b0ecaefe2f4e6d998cca0 ------","ExecutionBlockSharedResource.java","TAJO-1125","0.10.0"
"2014-09-15","tree e2958df9af910b2d4d60f1d43e99e111aff9dbf3 ------","ExecutionBlockSharedResource.java","TAJO-1015","0.9.0"
"2014-10-25","tree c8fb43b64c098624a44b0ecaefe2f4e6d998cca0 ------","FetchImpl.java","TAJO-1125","0.10.0"
"2014-12-18","tree 7f1d952868dea1ee1c6e5d75ce8cd2bc2ea3eea1 ------","HAConstants.java","TAJO-1221","0.10.0"
"2014-10-08","tree ce1a60b4aa59ce64ac5849c5f28a5838dd6dfee6 ------","FetchImpl.java","TAJO-1103","0.9.0"
"2014-10-15","tree bea38c88044c68f7f4609a393a610399b9c0feed ------","ClassNameSerializer.java","TAJO-1092","0.10.0"
"2014-10-15","tree bea38c88044c68f7f4609a393a610399b9c0feed ------","ClassNameSerializer.java","TAJO-1092","block_iteration"
"2014-08-20","tree 715cd2eb165f1d0669577abb41723259a6000d54 ------","OverridableConf.java","TAJO-1008","0.9.0"
"2014-12-08","tree 271c69aaee96dcc0f46c4b6236cfef8b07097a5d ------","OverridableConf.java","TAJO-1234","0.10.0"
"2014-12-12","tree f363896ea011a6b0a75b8e5f226dcf6e8aa59348 ------","QueryVars.java","TAJO-1233","0.10.0"
"2014-12-10","tree d599fde898acda9c7a1116c2506086b87f3ca855 ------","BaseRuleProvider.java","TAJO-1143","0.10.0"
"2014-12-10","tree d599fde898acda9c7a1116c2506086b87f3ca855 ------","CheckHadoopRuntimeVersionRule.java","TAJO-1143","0.10.0"
"2014-12-10","tree d599fde898acda9c7a1116c2506086b87f3ca855 ------","TajoConfValidationRule.java","TAJO-1143","0.10.0"
"2014-12-10","tree d599fde898acda9c7a1116c2506086b87f3ca855 ------","EvaluationContext.java","TAJO-1143","0.10.0"
"2014-12-10","tree d599fde898acda9c7a1116c2506086b87f3ca855 ------","SelfDiagnosisRuleEngine.java","TAJO-1143","0.10.0"
"2014-12-11","tree 0b9cd891145c656cf2eaa44db03b45c95ea2c0bb ------","SelfDiagnosisRuleEngine.java","TAJO-1244","0.10.0"
"2014-12-10","tree d599fde898acda9c7a1116c2506086b87f3ca855 ------","SelfDiagnosisRuleSession.java","TAJO-1143","0.10.0"
"2015-01-28","tree b3e6522292bf7ce11cfccb658e6b3b6a051a3860 ------","BaseServiceTracker.java","TAJO-1306","0.10.0"
"2015-01-28","tree b3e6522292bf7ce11cfccb658e6b3b6a051a3860 ------","HAServiceTracker.java","TAJO-1306","0.10.0"
"2014-12-05","tree 84ff100c076c66ea195debb0bad54b64f85a2f11 ------","LogicalPlanner.java","TAJO-1231","0.10.0"
"2015-01-28","tree b3e6522292bf7ce11cfccb658e6b3b6a051a3860 ------","ServiceTracker.java","TAJO-1306","0.10.0"
"2014-12-08","tree 271c69aaee96dcc0f46c4b6236cfef8b07097a5d ------","SessionVars.java","TAJO-1234","0.10.0"
"2014-10-28","tree 196ffa67cdaf6c2d2a58c79ce8bfe1b6cc54a17b ------","SessionVars.java","TAJO-1114","0.10.0"
"2014-12-10","tree d599fde898acda9c7a1116c2506086b87f3ca855 ------","ConnectivityCheckerRuleForTajoWorker.java","TAJO-1143","0.10.0"
"2015-01-28","tree b3e6522292bf7ce11cfccb658e6b3b6a051a3860 ------","ConnectivityCheckerRuleForTajoWorker.java","TAJO-1306","0.10.0"
"2014-12-11","tree 0b9cd891145c656cf2eaa44db03b45c95ea2c0bb ------","ConnectivityCheckerRuleForTajoWorker.java","TAJO-1244","0.10.0"
"2014-12-10","tree d599fde898acda9c7a1116c2506086b87f3ca855 ------","WorkerRuleProvider.java","TAJO-1143","0.10.0"
"2014-11-10","tree 77e8e4ef73735269456e95812358889023e84316 ------","BufferPool.java","TAJO-1149","0.10.0"
"2014-11-10","tree 77e8e4ef73735269456e95812358889023e84316 ------","EmptyTuple.java","TAJO-1149","0.10.0"
"2015-01-09","tree 6a8a5f9561f5190ce870188d4dcbb96eabb1767a ------","TajoWorker.java","TAJO-1291","0.10.0"
"2014-11-11","tree 72d05b4887ee1e3f7748f97c562a3017924462b8 ------","TajoWorker.java","TAJO-1026","0.10.0"
"2015-01-28","tree b3e6522292bf7ce11cfccb658e6b3b6a051a3860 ------","TajoWorker.java","TAJO-1306","0.10.0"
"2014-10-09","tree c5c7dd4b058c5289d5cae13fdd640e5374a34f36 ------","TajoWorker.java","TAJO-1105","0.9.0"
"2014-09-20","tree 827e15dfbbf9284af5ce296670f15a52e10cc838 ------","TajoWorker.java","TAJO-1016","0.9.0"
"2014-11-10","tree 77e8e4ef73735269456e95812358889023e84316 ------","StorageConstants.java","TAJO-1149","0.10.0"
"2014-10-25","tree c8fb43b64c098624a44b0ecaefe2f4e6d998cca0 ------","StorageConstants.java","TAJO-1125","0.10.0"
"2014-09-15","tree e2958df9af910b2d4d60f1d43e99e111aff9dbf3 ------","TajoWorker.java","TAJO-1015","0.9.0"
"2014-11-04","tree 495282a2afaa65af8049c23676486900d0636588 ------","Tuple.java","TAJO-1153","0.10.0"
"2014-12-10","tree d599fde898acda9c7a1116c2506086b87f3ca855 ------","TajoWorker.java","TAJO-1143","0.10.0"
"2014-11-04","tree 495282a2afaa65af8049c23676486900d0636588 ------","VTuple.java","TAJO-1153","0.10.0"
"2014-10-25","tree c8fb43b64c098624a44b0ecaefe2f4e6d998cca0 ------","NamedExprsManager.java","TAJO-1125","0.10.0"
"2014-11-28","tree 852fd3d68118a30d6f00210a64a52f57a4af408f ------","VTuple.java","TAJO-1095","0.10.0"
"2015-01-27","tree 6ae73a7cb626d9a18c966e5da3d15abb0f0f7851 ------","TajoWorker.java","TAJO-1318","0.10.0"
"2014-09-20","tree 827e15dfbbf9284af5ce296670f15a52e10cc838 ------","TajoWorkerClientService.java","TAJO-1016","0.9.0"
"2014-11-11","tree 72d05b4887ee1e3f7748f97c562a3017924462b8 ------","TajoWorkerClientService.java","TAJO-1026","0.10.0"
"2014-11-04","tree 495282a2afaa65af8049c23676486900d0636588 ------","DirectBufTuple.java","TAJO-1153","0.10.0"
"2014-11-04","tree 495282a2afaa65af8049c23676486900d0636588 ------","FixedSizeLimitSpec.java","TAJO-1153","0.10.0"
"2014-09-15","tree e2958df9af910b2d4d60f1d43e99e111aff9dbf3 ------","TajoWorkerManagerService.java","TAJO-1015","0.9.0"
"2014-11-04","tree 495282a2afaa65af8049c23676486900d0636588 ------","HeapTuple.java","TAJO-1153","0.10.0"
"2015-01-23","tree 07dc2fe631f6a2a37864c8b64a99d1f25043a9ca ------","TaskAttemptContext.java","TAJO-1309","0.10.0"
"2014-10-25","tree c8fb43b64c098624a44b0ecaefe2f4e6d998cca0 ------","ResolverByLegacy.java","TAJO-1125","0.10.0"
"2014-09-15","tree e2958df9af910b2d4d60f1d43e99e111aff9dbf3 ------","TaskAttemptContext.java","TAJO-1015","0.9.0"
"2014-10-25","tree c8fb43b64c098624a44b0ecaefe2f4e6d998cca0 ------","ResolverByRels.java","TAJO-1125","0.10.0"
"2014-10-25","tree c8fb43b64c098624a44b0ecaefe2f4e6d998cca0 ------","ResolverByRelsAndSubExprs.java","TAJO-1125","0.10.0"
"2014-10-25","tree c8fb43b64c098624a44b0ecaefe2f4e6d998cca0 ------","ResolverBySubExprsAndRels.java","TAJO-1125","0.10.0"
"2014-11-04","tree 495282a2afaa65af8049c23676486900d0636588 ------","OffHeapRowBlockWriter.java","TAJO-1153","0.10.0"
"2014-10-25","tree c8fb43b64c098624a44b0ecaefe2f4e6d998cca0 ------","BaseLogicalPlanRewriteEngine.java","TAJO-1125","0.10.0"
"2014-11-04","tree 495282a2afaa65af8049c23676486900d0636588 ------","ResizableLimitSpec.java","TAJO-1153","0.10.0"
"2014-11-04","tree 495282a2afaa65af8049c23676486900d0636588 ------","RowWriter.java","TAJO-1153","0.10.0"
"2014-11-04","tree 495282a2afaa65af8049c23676486900d0636588 ------","UnSafeTuple.java","TAJO-1153","0.10.0"
"2014-10-25","tree c8fb43b64c098624a44b0ecaefe2f4e6d998cca0 ------","LogicalPlanRewriteRule.java","TAJO-1125","0.10.0"
"2014-10-25","tree c8fb43b64c098624a44b0ecaefe2f4e6d998cca0 ------","FilterPushDownRule.java","TAJO-1125","0.10.0"
"2014-11-17","tree 7f929362e2fbc0d50134675200438e30fa284c2e ------","UnSafeTuple.java","TAJO-1177","0.10.0"
"2014-11-04","tree 495282a2afaa65af8049c23676486900d0636588 ------","UnSafeTupleBytesComparator.java","TAJO-1153","0.10.0"
"2014-11-04","tree 495282a2afaa65af8049c23676486900d0636588 ------","RowBlockReader.java","TAJO-1153","0.10.0"
"2014-10-27","tree 4a7524e22c8c9378ee281c16406e3967a316d2cc ------","FilterPushDownRule.java","TAJO-1126","0.10.0"
"2014-11-04","tree 495282a2afaa65af8049c23676486900d0636588 ------","TupleBuilder.java","TAJO-1153","0.10.0"
"2015-01-06","tree 86afc38ee86670660ccbbdfd9576443633f7d98b ------","FilterPushDownRule.java","TAJO-1270","0.10.0"
"2014-10-25","tree c8fb43b64c098624a44b0ecaefe2f4e6d998cca0 ------","PartitionedTableRewriter.java","TAJO-1125","0.10.0"
"2014-09-19","tree 33ea21fb60ec3c6b2c1a58bf8e764df5a95051fa ------","BytesUtils.java","TAJO-1054","0.9.0"
"2014-10-15","tree bea38c88044c68f7f4609a393a610399b9c0feed ------","ClassUtil.java","TAJO-1092","0.10.0"
"2014-10-15","tree bea38c88044c68f7f4609a393a610399b9c0feed ------","ClassUtil.java","TAJO-1092","block_iteration"
"2014-12-12","tree f363896ea011a6b0a75b8e5f226dcf6e8aa59348 ------","PartitionedTableRewriter.java","TAJO-1233","0.10.0"
"2014-11-11","tree a5dd05266212bc886966ff335a308a16f3c78962 ------","DateTimeConstants.java","TAJO-1161","0.10.0"
"2014-10-25","tree c8fb43b64c098624a44b0ecaefe2f4e6d998cca0 ------","ProjectionPushDownRule.java","TAJO-1125","0.10.0"
"2014-10-07","tree b83fbc21f6e357289b516b54a89cfbdc1b03bcb7 ------","DateTimeFormat.java","TAJO-1093","0.9.0"
"2014-10-31","tree bae9f1aab265639ff8d7ff49cb9ace372f5d3727 ------","TestDefaultCliOutputFormatter.java","TAJO-1141","0.10.0"
"2015-02-02","tree 12d7b0ddd4392a8094fc701a5334fdcc97851218 ------","TestTajoCli.java","TAJO-1323","0.10.0"
"2014-12-08","tree 271c69aaee96dcc0f46c4b6236cfef8b07097a5d ------","DateTimeUtil.java","TAJO-1234","0.10.0"
"2014-11-19","tree 3a678f99c40a7e15fe78c86f5c27de9e720de6e1 ------","TestTajoCli.java","TAJO-1197","0.10.0"
"2014-11-11","tree a5dd05266212bc886966ff335a308a16f3c78962 ------","DateTimeUtil.java","TAJO-1161","0.10.0"
"2015-10-17","tree fdb2077368931827b6a1ce1e4e27422332c0e219 ------","TestTajoCli.java","TAJO-1933","0.11.0"
"2015-02-05","tree 10a1f4103bc58932b5ec9d1d4bfa9a142773fe33 ------","TestTajoCli.java","TAJO-1260","0.10.0"
"2015-02-05","tree 10a1f4103bc58932b5ec9d1d4bfa9a142773fe33 ------","TestTajoCli.java","TAJO-1260","0.11.0"
"2014-08-27","tree 7bf1358b2c2cc6af2343a01cc18629ad21cffa2c ------","KeyValueSet.java","TAJO-1020","0.9.0"
"2014-11-13","tree cfeac42ad6d2e070e99a0545c064e2ea1689dae8 ------","NumberUtil.java","TAJO-1151","0.10.0"
"2014-10-28","tree 196ffa67cdaf6c2d2a58c79ce8bfe1b6cc54a17b ------","NumberUtil.java","TAJO-1114","0.10.0"
"2015-10-08","tree fbf600039f2754aec1042e40bcb3991f2ef0e02b ------","SelfDescSchemaBuildPhase.java","TAJO-1912","0.11.0"
"2014-12-10","tree 405ba1d056577ce8a5ae780dd80ed4b32cf9c948 ------","ProtoUtil.java","TAJO-1238","0.10.0"
"2014-11-17","tree 7f929362e2fbc0d50134675200438e30fa284c2e ------","StringUtils.java","TAJO-1177","0.10.0"
"2014-08-21","tree 484fea6403f8b243d0b3cb72258e843224801911 ------","StringUtils.java","TAJO-1004","0.9.0"
"2014-12-05","tree 84ff100c076c66ea195debb0bad54b64f85a2f11 ------","TestTajoClient.java","TAJO-1231","0.10.0"
"2014-11-11","tree 72d05b4887ee1e3f7748f97c562a3017924462b8 ------","TestTajoClient.java","TAJO-1026","0.10.0"
"2014-10-25","tree c8fb43b64c098624a44b0ecaefe2f4e6d998cca0 ------","EvalNodeAdapter.java","TAJO-1125","0.10.0"
"2014-08-20","tree 5f718fa221059230d2a9df92a95ad591a0710c97 ------","EvalNodeDeserializer.java","TAJO-1008","0.9.0"
"2014-11-04","tree 495282a2afaa65af8049c23676486900d0636588 ------","UnsafeUtil.java","TAJO-1153","0.10.0"
"2014-10-27","tree 1dba400a40f7802a379c13903ae78d54aa844889 ------","VersionInfo.java","TAJO-1132","0.10.0"
"2014-10-28","tree 196ffa67cdaf6c2d2a58c79ce8bfe1b6cc54a17b ------","AbstractValidator.java","TAJO-1114","0.10.0"
"2014-10-28","tree 196ffa67cdaf6c2d2a58c79ce8bfe1b6cc54a17b ------","ConstraintViolationException.java","TAJO-1114","0.10.0"
"2014-10-28","tree 196ffa67cdaf6c2d2a58c79ce8bfe1b6cc54a17b ------","NetworkAddressValidator.java","TAJO-1114","0.10.0"
"2014-12-11","tree 0b9cd891145c656cf2eaa44db03b45c95ea2c0bb ------","PathListValidator.java","TAJO-1244","0.10.0"
"2014-10-28","tree 196ffa67cdaf6c2d2a58c79ce8bfe1b6cc54a17b ------","PathValidator.java","TAJO-1114","0.10.0"
"2014-10-28","tree 196ffa67cdaf6c2d2a58c79ce8bfe1b6cc54a17b ------","RangeValidator.java","TAJO-1114","0.10.0"
"2014-10-28","tree 196ffa67cdaf6c2d2a58c79ce8bfe1b6cc54a17b ------","Validator.java","TAJO-1114","0.10.0"
"2014-10-28","tree 196ffa67cdaf6c2d2a58c79ce8bfe1b6cc54a17b ------","Validators.java","TAJO-1114","0.10.0"
"2014-08-20","tree 5f718fa221059230d2a9df92a95ad591a0710c97 ------","EvalNodeSerializer.java","TAJO-1008","0.9.0"
"2014-12-11","tree 0b9cd891145c656cf2eaa44db03b45c95ea2c0bb ------","Validators.java","TAJO-1244","0.10.0"
"2014-08-20","tree 5f718fa221059230d2a9df92a95ad591a0710c97 ------","ExprTestBase.java","TAJO-1008","0.9.0"
"2014-12-08","tree 271c69aaee96dcc0f46c4b6236cfef8b07097a5d ------","ExprTestBase.java","TAJO-1234","0.10.0"
"2014-10-25","tree c8fb43b64c098624a44b0ecaefe2f4e6d998cca0 ------","LogicalNodeAdapter.java","TAJO-1125","0.10.0"
"2014-08-20","tree 5f718fa221059230d2a9df92a95ad591a0710c97 ------","TestEvalTree.java","TAJO-1008","0.9.0"
"2014-10-15","tree bea38c88044c68f7f4609a393a610399b9c0feed ------","TestEvalTreeUtil.java","TAJO-1092","0.10.0"
"2014-10-15","tree bea38c88044c68f7f4609a393a610399b9c0feed ------","TestEvalTreeUtil.java","TAJO-1092","block_iteration"
"2014-08-13","tree 686bdc4162c0fe642ac98ff7e8967ead56eeae59 ------","TestTextDatum.java","TAJO-1000","0.9.0"
"2014-11-25","tree 7739c262532cd94d5b6582221304a6c6df53db4c ------","TestTimestampDatum.java","TAJO-1188","0.10.0"
"2014-12-10","tree d599fde898acda9c7a1116c2506086b87f3ca855 ------","TestRuleEngine.java","TAJO-1143","0.10.0"
"2014-12-10","tree d599fde898acda9c7a1116c2506086b87f3ca855 ------","TestRuleSession.java","TAJO-1143","0.10.0"
"2014-11-04","tree 495282a2afaa65af8049c23676486900d0636588 ------","TestMemoryRowBlock.java","TAJO-1153","0.10.0"
"2014-08-18","tree 01551eef572ab95b6cc880becb667c8942cb6e49 ------","TestEvalTreeUtil.java","TAJO-1009","0.9.0"
"2014-08-20","tree d547a95b4fe5e0fba3811ae7e8d183884d79cbb2 ------","TestEvalTreeUtil.java","TAJO-1013","0.9.0"
"2014-12-08","tree 271c69aaee96dcc0f46c4b6236cfef8b07097a5d ------","TestIntervalType.java","TAJO-1234","0.10.0"
"2014-10-25","tree c8fb43b64c098624a44b0ecaefe2f4e6d998cca0 ------","PlanGsonHelper.java","TAJO-1125","0.10.0"
"2014-10-25","tree c8fb43b64c098624a44b0ecaefe2f4e6d998cca0 ------","Target.java","TAJO-1125","0.10.0"
"2014-10-25","tree c8fb43b64c098624a44b0ecaefe2f4e6d998cca0 ------","TypeDeterminant.java","TAJO-1125","0.10.0"
"2014-10-08","tree e6ebe25d5c0a240f9ddfe05b1f3994fc564c8e74 ------","TypeDeterminant.java","TAJO-1099","0.9.0"
"2014-11-04","tree 495282a2afaa65af8049c23676486900d0636588 ------","TestResizableSpec.java","TAJO-1153","0.10.0"
"2014-12-08","tree 271c69aaee96dcc0f46c4b6236cfef8b07097a5d ------","TestSQLExpression.java","TAJO-1234","0.10.0"
"2014-10-25","tree c8fb43b64c098624a44b0ecaefe2f4e6d998cca0 ------","TestSimpleDirectedGraph.java","TAJO-1125","0.10.0"
"2014-10-25","tree c8fb43b64c098624a44b0ecaefe2f4e6d998cca0 ------","TestSimpleUndirectedGraph.java","TAJO-1125","0.10.0"
"2015-01-08","tree d022992ed25d3bbf0a4091aaddd010698b7635e7 ------","TestBuiltinFunctions.java","TAJO-1265","0.10.0"
"2014-11-11","tree a5dd05266212bc886966ff335a308a16f3c78962 ------","TestDateTimeUtil.java","TAJO-1161","0.10.0"
"2014-10-28","tree 196ffa67cdaf6c2d2a58c79ce8bfe1b6cc54a17b ------","TestValidators.java","TAJO-1114","0.10.0"
"2014-10-25","tree c8fb43b64c098624a44b0ecaefe2f4e6d998cca0 ------","PlannerUtil.java","TAJO-1125","0.10.0"
"2014-12-05","tree 84ff100c076c66ea195debb0bad54b64f85a2f11 ------","PlannerUtil.java","TAJO-1231","0.10.0"
"2014-12-17","tree 6e113b74a7dee2973608ba6594be48078ce37c30 ------","TestValidators.java","TAJO-1252","0.10.0"
"2014-12-11","tree 0b9cd891145c656cf2eaa44db03b45c95ea2c0bb ------","TestValidators.java","TAJO-1244","0.10.0"
"2015-01-28","tree b3e6522292bf7ce11cfccb658e6b3b6a051a3860 ------","BenchmarkSet.java","TAJO-1306","0.10.0"
"2014-12-30","tree b9b09c571ad022861e3a4228b56c5d99bf4dff67 ------","PlannerUtil.java","TAJO-1176","0.10.0"
"2014-10-15","tree bea38c88044c68f7f4609a393a610399b9c0feed ------","CaseWhenEmitter.java","TAJO-1092","0.10.0"
"2014-10-15","tree bea38c88044c68f7f4609a393a610399b9c0feed ------","CaseWhenEmitter.java","TAJO-1092","block_iteration"
"2015-02-04","tree d6f236fd2ff4cb178b223fac5ac67286d1df6c11 ------","TestBuiltinFunctions.java","TAJO-1316","0.10.0"
"2015-02-04","tree d6f236fd2ff4cb178b223fac5ac67286d1df6c11 ------","TestBuiltinFunctions.java","TAJO-1316","0.11.0"
"2015-02-04","tree d6f236fd2ff4cb178b223fac5ac67286d1df6c11 ------","TestBuiltinFunctions.java","TAJO-1316","0.10.0"
"2015-02-04","tree d6f236fd2ff4cb178b223fac5ac67286d1df6c11 ------","TestBuiltinFunctions.java","TAJO-1316","0.11.0"
"2014-10-15","tree bea38c88044c68f7f4609a393a610399b9c0feed ------","EvalCodeGenerator.java","TAJO-1092","0.10.0"
"2014-10-15","tree bea38c88044c68f7f4609a393a610399b9c0feed ------","EvalCodeGenerator.java","TAJO-1092","block_iteration"
"2014-10-25","tree c8fb43b64c098624a44b0ecaefe2f4e6d998cca0 ------","ExecutorPreCompiler.java","TAJO-1125","0.10.0"
"2014-10-15","tree bea38c88044c68f7f4609a393a610399b9c0feed ------","LegacyFunctionBindingEmitter.java","TAJO-1092","0.10.0"
"2014-10-15","tree bea38c88044c68f7f4609a393a610399b9c0feed ------","LegacyFunctionBindingEmitter.java","TAJO-1092","block_iteration"
"2014-10-15","tree bea38c88044c68f7f4609a393a610399b9c0feed ------","ScalarFunctionBindingEmitter.java","TAJO-1092","0.10.0"
"2014-10-15","tree bea38c88044c68f7f4609a393a610399b9c0feed ------","ScalarFunctionBindingEmitter.java","TAJO-1092","block_iteration"
"2014-10-25","tree c8fb43b64c098624a44b0ecaefe2f4e6d998cca0 ------","TajoGeneratorAdapter.java","TAJO-1125","0.10.0"
"2014-10-15","tree bea38c88044c68f7f4609a393a610399b9c0feed ------","TajoGeneratorAdapter.java","TAJO-1092","0.10.0"
"2014-10-15","tree bea38c88044c68f7f4609a393a610399b9c0feed ------","TajoGeneratorAdapter.java","TAJO-1092","block_iteration"
"2014-12-08","tree 271c69aaee96dcc0f46c4b6236cfef8b07097a5d ------","TestDateTimeFunctions.java","TAJO-1234","0.10.0"
"2014-12-12","tree f363896ea011a6b0a75b8e5f226dcf6e8aa59348 ------","PlannerUtil.java","TAJO-1233","0.10.0"
"2015-01-08","tree d022992ed25d3bbf0a4091aaddd010698b7635e7 ------","AvgDouble.java","TAJO-1265","0.10.0"
"2014-10-15","tree bea38c88044c68f7f4609a393a610399b9c0feed ------","TestFunctionLoader.java","TAJO-1092","0.10.0"
"2014-10-15","tree bea38c88044c68f7f4609a393a610399b9c0feed ------","TestFunctionLoader.java","TAJO-1092","block_iteration"
"2015-01-08","tree d022992ed25d3bbf0a4091aaddd010698b7635e7 ------","AvgFloat.java","TAJO-1265","0.10.0"
"2014-10-25","tree c8fb43b64c098624a44b0ecaefe2f4e6d998cca0 ------","LogicalPlanVerifier.java","TAJO-1125","0.10.0"
"2015-01-08","tree d022992ed25d3bbf0a4091aaddd010698b7635e7 ------","AvgInt.java","TAJO-1265","0.10.0"
"2015-01-08","tree d022992ed25d3bbf0a4091aaddd010698b7635e7 ------","AvgLong.java","TAJO-1265","0.10.0"
"2014-10-08","tree 5b216e6390f235b848225e06a2c78e34df642a70 ------","LogicalPlanVerifier.java","TAJO-1104","0.9.0"
"2015-01-08","tree d022992ed25d3bbf0a4091aaddd010698b7635e7 ------","Max.java","TAJO-1265","0.10.0"
"2015-01-08","tree d022992ed25d3bbf0a4091aaddd010698b7635e7 ------","MaxDouble.java","TAJO-1265","0.10.0"
"2015-01-08","tree d022992ed25d3bbf0a4091aaddd010698b7635e7 ------","MaxFloat.java","TAJO-1265","0.10.0"
"2015-01-08","tree d022992ed25d3bbf0a4091aaddd010698b7635e7 ------","MaxInt.java","TAJO-1265","0.10.0"
"2014-12-10","tree 405ba1d056577ce8a5ae780dd80ed4b32cf9c948 ------","PreLogicalPlanVerifier.java","TAJO-1238","0.10.0"
"2014-10-25","tree c8fb43b64c098624a44b0ecaefe2f4e6d998cca0 ------","PreLogicalPlanVerifier.java","TAJO-1125","0.10.0"
"2015-01-08","tree d022992ed25d3bbf0a4091aaddd010698b7635e7 ------","MaxString.java","TAJO-1265","0.10.0"
"2015-01-08","tree d022992ed25d3bbf0a4091aaddd010698b7635e7 ------","Min.java","TAJO-1265","0.10.0"
"2015-01-08","tree d022992ed25d3bbf0a4091aaddd010698b7635e7 ------","MinDouble.java","TAJO-1265","0.10.0"
"2015-01-08","tree d022992ed25d3bbf0a4091aaddd010698b7635e7 ------","MinFloat.java","TAJO-1265","0.10.0"
"2015-01-08","tree d022992ed25d3bbf0a4091aaddd010698b7635e7 ------","MinInt.java","TAJO-1265","0.10.0"
"2015-01-08","tree d022992ed25d3bbf0a4091aaddd010698b7635e7 ------","MinString.java","TAJO-1265","0.10.0"
"2014-12-24","tree 31e7c590c440cb0df41c6080f413b4688fb4a9ec ------","PreLogicalPlanVerifier.java","TAJO-1249","0.10.0"
"2014-12-03","tree 44c11bda6c3d058ca3dd24255834774bb8369c59 ------","PreLogicalPlanVerifier.java","TAJO-1223","0.10.0"
"2015-01-08","tree d022992ed25d3bbf0a4091aaddd010698b7635e7 ------","SumDouble.java","TAJO-1265","0.10.0"
"2015-01-08","tree d022992ed25d3bbf0a4091aaddd010698b7635e7 ------","SumFloat.java","TAJO-1265","0.10.0"
"2014-10-25","tree c8fb43b64c098624a44b0ecaefe2f4e6d998cca0 ------","BasicLogicalPlanVisitor.java","TAJO-1125","0.10.0"
"2015-01-08","tree d022992ed25d3bbf0a4091aaddd010698b7635e7 ------","SumLong.java","TAJO-1265","0.10.0"
"2014-12-08","tree 271c69aaee96dcc0f46c4b6236cfef8b07097a5d ------","CurrentDate.java","TAJO-1234","0.10.0"
"2014-12-12","tree f363896ea011a6b0a75b8e5f226dcf6e8aa59348 ------","TestExternalSortExec.java","TAJO-1233","0.10.0"
"2014-12-10","tree 405ba1d056577ce8a5ae780dd80ed4b32cf9c948 ------","BasicLogicalPlanVisitor.java","TAJO-1238","0.10.0"
"2014-10-25","tree c8fb43b64c098624a44b0ecaefe2f4e6d998cca0 ------","TestFullOuterHashJoinExec.java","TAJO-1125","0.10.0"
"2014-12-12","tree f363896ea011a6b0a75b8e5f226dcf6e8aa59348 ------","TestFullOuterHashJoinExec.java","TAJO-1233","0.10.0"
"2014-11-25","tree cdfeb13765cd2abcf8307be1d74d0e2d74973a3f ------","TestFullOuterHashJoinExec.java","TAJO-1163","0.10.0"
"2014-12-08","tree 271c69aaee96dcc0f46c4b6236cfef8b07097a5d ------","DatePartFromTime.java","TAJO-1234","0.10.0"
"2014-12-08","tree 271c69aaee96dcc0f46c4b6236cfef8b07097a5d ------","DatePartFromTimestamp.java","TAJO-1234","0.10.0"
"2014-10-25","tree c8fb43b64c098624a44b0ecaefe2f4e6d998cca0 ------","ExplainLogicalPlanVisitor.java","TAJO-1125","0.10.0"
"2014-11-25","tree cdfeb13765cd2abcf8307be1d74d0e2d74973a3f ------","TestFullOuterMergeJoinExec.java","TAJO-1163","0.10.0"
"2014-12-12","tree f363896ea011a6b0a75b8e5f226dcf6e8aa59348 ------","TestFullOuterMergeJoinExec.java","TAJO-1233","0.10.0"
"2014-10-25","tree c8fb43b64c098624a44b0ecaefe2f4e6d998cca0 ------","LogicalPlanVisitor.java","TAJO-1125","0.10.0"
"2014-12-10","tree 405ba1d056577ce8a5ae780dd80ed4b32cf9c948 ------","LogicalPlanVisitor.java","TAJO-1238","0.10.0"
"2014-11-11","tree a5dd05266212bc886966ff335a308a16f3c78962 ------","DateTimePartFromUnixTimestamp.java","TAJO-1161","0.10.0"
"2014-10-25","tree c8fb43b64c098624a44b0ecaefe2f4e6d998cca0 ------","SimpleAlgebraVisitor.java","TAJO-1125","0.10.0"
"2015-02-02","tree 1052f8258e96319ae9434a336e19fd97fd48c1e5 ------","TestFullOuterMergeJoinExec.java","TAJO-1317","0.10.0"
"2014-12-08","tree 271c69aaee96dcc0f46c4b6236cfef8b07097a5d ------","ToCharTimestamp.java","TAJO-1234","0.10.0"
"2014-10-25","tree c8fb43b64c098624a44b0ecaefe2f4e6d998cca0 ------","TestLogicalNode.java","TAJO-1125","0.10.0"
"2014-09-20","tree 3fc947e6b1026270e990d5cacc0f36525e044b04 ------","FadvisedChunkedFile.java","TAJO-1046","0.9.0"
"2014-09-20","tree 3fc947e6b1026270e990d5cacc0f36525e044b04 ------","FadvisedFileRegion.java","TAJO-1046","0.9.0"
"2014-12-08","tree 271c69aaee96dcc0f46c4b6236cfef8b07097a5d ------","ToTimestampText.java","TAJO-1234","0.10.0"
"2014-10-15","tree bea38c88044c68f7f4609a393a610399b9c0feed ------","FunctionLoader.java","TAJO-1092","0.10.0"
"2014-10-15","tree bea38c88044c68f7f4609a393a610399b9c0feed ------","FunctionLoader.java","TAJO-1092","block_iteration"
"2014-12-12","tree f363896ea011a6b0a75b8e5f226dcf6e8aa59348 ------","TestHashJoinExec.java","TAJO-1233","0.10.0"
"2014-11-25","tree cdfeb13765cd2abcf8307be1d74d0e2d74973a3f ------","TestHashSemiJoinExec.java","TAJO-1163","0.10.0"
"2014-09-20","tree 3fc947e6b1026270e990d5cacc0f36525e044b04 ------","PullServerUtil.java","TAJO-1046","0.9.0"
"2014-09-11","tree cd58be739f396f3f7353baa4205f475c72406ef5 ------","TajoPullServerService.java","TAJO-1029","0.9.0"
"2014-12-12","tree f363896ea011a6b0a75b8e5f226dcf6e8aa59348 ------","TestLeftOuterHashJoinExec.java","TAJO-1233","0.10.0"
"2014-10-25","tree c8fb43b64c098624a44b0ecaefe2f4e6d998cca0 ------","BTrim.java","TAJO-1125","0.10.0"
"2015-02-02","tree 1052f8258e96319ae9434a336e19fd97fd48c1e5 ------","TestLeftOuterHashJoinExec.java","TAJO-1317","0.10.0"
"2014-12-08","tree 271c69aaee96dcc0f46c4b6236cfef8b07097a5d ------","BTrim.java","TAJO-1234","0.10.0"
"2015-02-03","tree 8c613a3a2f55a53f2c4623e34d50b239f46082f3 ------","TestMergeJoinExec.java","TAJO-1324","0.10.0"
"2015-02-03","tree 8c613a3a2f55a53f2c4623e34d50b239f46082f3 ------","TestMergeJoinExec.java","TAJO-1324","0.11.0"
"2014-10-25","tree c8fb43b64c098624a44b0ecaefe2f4e6d998cca0 ------","TestMergeJoinExec.java","TAJO-1125","0.10.0"
"2014-09-20","tree 3fc947e6b1026270e990d5cacc0f36525e044b04 ------","TajoPullServerService.java","TAJO-1046","0.9.0"
"2014-11-25","tree cdfeb13765cd2abcf8307be1d74d0e2d74973a3f ------","TestMergeJoinExec.java","TAJO-1163","0.10.0"
"2014-12-12","tree f363896ea011a6b0a75b8e5f226dcf6e8aa59348 ------","TestMergeJoinExec.java","TAJO-1233","0.10.0"
"2014-10-25","tree c8fb43b64c098624a44b0ecaefe2f4e6d998cca0 ------","TestPhysicalPlanner.java","TAJO-1125","0.10.0"
"2014-12-12","tree f363896ea011a6b0a75b8e5f226dcf6e8aa59348 ------","TestPhysicalPlanner.java","TAJO-1233","0.10.0"
"2014-11-25","tree cdfeb13765cd2abcf8307be1d74d0e2d74973a3f ------","TestPhysicalPlanner.java","TAJO-1163","0.10.0"
"2014-10-25","tree c8fb43b64c098624a44b0ecaefe2f4e6d998cca0 ------","Lpad.java","TAJO-1125","0.10.0"
"2014-12-08","tree 271c69aaee96dcc0f46c4b6236cfef8b07097a5d ------","Lpad.java","TAJO-1234","0.10.0"
"2014-10-25","tree c8fb43b64c098624a44b0ecaefe2f4e6d998cca0 ------","LTrim.java","TAJO-1125","0.10.0"
"2014-12-08","tree 271c69aaee96dcc0f46c4b6236cfef8b07097a5d ------","LTrim.java","TAJO-1234","0.10.0"
"2015-02-02","tree 1052f8258e96319ae9434a336e19fd97fd48c1e5 ------","TestPhysicalPlanner.java","TAJO-1317","0.10.0"
"2015-01-10","tree 3de29fe3112633f6122d5ba50ba4b4bf342c5edf ------","RpcUtils.java","TAJO-1281","0.10.0"
"2014-12-08","tree 271c69aaee96dcc0f46c4b6236cfef8b07097a5d ------","RegexpReplace.java","TAJO-1234","0.10.0"
"2014-10-25","tree c8fb43b64c098624a44b0ecaefe2f4e6d998cca0 ------","Rpad.java","TAJO-1125","0.10.0"
"2014-12-08","tree 271c69aaee96dcc0f46c4b6236cfef8b07097a5d ------","Rpad.java","TAJO-1234","0.10.0"
"2014-10-25","tree c8fb43b64c098624a44b0ecaefe2f4e6d998cca0 ------","RTrim.java","TAJO-1125","0.10.0"
"2014-12-08","tree 271c69aaee96dcc0f46c4b6236cfef8b07097a5d ------","RTrim.java","TAJO-1234","0.10.0"
"2014-12-12","tree f363896ea011a6b0a75b8e5f226dcf6e8aa59348 ------","ToCharLong.java","TAJO-1233","0.10.0"
"2014-08-20","tree 715cd2eb165f1d0669577abb41723259a6000d54 ------","TestPhysicalPlanner.java","TAJO-1008","0.9.0"
"2014-10-25","tree c8fb43b64c098624a44b0ecaefe2f4e6d998cca0 ------","CoreGsonHelper.java","TAJO-1125","0.10.0"
"2014-10-08","tree 5d0ec117df4eceefae0c91e11c43efac490008b7 ------","DistinctGroupbyBuilder.java","TAJO-1010","0.9.0"
"2014-09-20","tree 9f832e6beaccbdf35d8a6f6f7ab50289e8a8a4f8 ------","NettyClientBase.java","TAJO-1050","0.9.0"
"2014-09-24","tree 86005536b8b18f9ab13684ad6502c82641808235 ------","RemoteCallException.java","TAJO-1025","0.9.0"
"2014-12-02","tree fb74b5c65030c2770b5580d4e3c7778439db163e ------","RemoteCallException.java","TAJO-1190","0.10.0"
